index,true_label,pred_label,confidence,correct,top3
6101,truck,truck,0.9659857749938965,True,truck:0.9660;automobile:0.0266;deer:0.0018
8062,bird,bird,0.9917193651199341,True,bird:0.9917;frog:0.0040;airplane:0.0010
6973,cat,dog,0.5153821706771851,False,dog:0.5154;bird:0.1647;horse:0.1002
266,bird,bird,0.8947001099586487,True,bird:0.8947;frog:0.0298;horse:0.0263
4839,horse,horse,0.9923787117004395,True,horse:0.9924;deer:0.0056;bird:0.0009
3025,bird,bird,0.9933096170425415,True,bird:0.9933;frog:0.0022;deer:0.0017
9543,bird,bird,0.9929054975509644,True,bird:0.9929;frog:0.0038;automobile:0.0009
157,truck,truck,0.9830445051193237,True,truck:0.9830;automobile:0.0082;horse:0.0035
3658,bird,deer,0.7248053550720215,False,deer:0.7248;horse:0.1799;dog:0.0634
6042,frog,frog,0.4991530179977417,True,frog:0.4992;bird:0.1726;horse:0.0739
4571,deer,deer,0.9979842901229858,True,deer:0.9980;horse:0.0014;bird:0.0004
1263,ship,ship,0.8319960236549377,True,ship:0.8320;airplane:0.1568;bird:0.0077
2742,bird,bird,0.2731245458126068,True,bird:0.2731;frog:0.1748;deer:0.1606
1785,airplane,airplane,0.6990365982055664,True,airplane:0.6990;bird:0.2286;frog:0.0233
1966,horse,horse,0.9964555501937866,True,horse:0.9965;deer:0.0018;bird:0.0006
4444,ship,ship,0.9961336851119995,True,ship:0.9961;airplane:0.0009;bird:0.0008
824,horse,horse,0.9976837635040283,True,horse:0.9977;deer:0.0009;bird:0.0004
9918,dog,dog,0.9491686224937439,True,dog:0.9492;horse:0.0263;frog:0.0049
7562,bird,deer,0.24326233565807343,False,deer:0.2433;bird:0.2198;dog:0.1905
4328,airplane,airplane,0.9341522455215454,True,airplane:0.9342;bird:0.0482;ship:0.0064
210,horse,horse,0.9960017800331116,True,horse:0.9960;deer:0.0012;dog:0.0008
1529,deer,deer,0.9947319030761719,True,deer:0.9947;horse:0.0036;bird:0.0010
5,frog,dog,0.4418007731437683,False,dog:0.4418;cat:0.2942;frog:0.1552
314,deer,deer,0.7345183491706848,True,deer:0.7345;horse:0.2234;dog:0.0209
899,dog,dog,0.8824855089187622,True,dog:0.8825;cat:0.0472;horse:0.0345
2636,automobile,automobile,0.9520553350448608,True,automobile:0.9521;truck:0.0173;bird:0.0111
1088,cat,cat,0.8799628019332886,True,cat:0.8800;dog:0.0602;bird:0.0279
4788,frog,frog,0.9950264096260071,True,frog:0.9950;bird:0.0020;dog:0.0007
8509,frog,frog,0.5209566950798035,True,frog:0.5210;deer:0.1218;bird:0.0990
8452,deer,deer,0.9981024861335754,True,deer:0.9981;horse:0.0009;dog:0.0003
1226,frog,frog,0.8723887205123901,True,frog:0.8724;bird:0.0913;deer:0.0107
3277,horse,horse,0.9935917258262634,True,horse:0.9936;dog:0.0027;deer:0.0016
1604,automobile,automobile,0.9190015196800232,True,automobile:0.9190;truck:0.0489;frog:0.0107
7613,truck,truck,0.9631094336509705,True,truck:0.9631;automobile:0.0178;ship:0.0074
961,automobile,automobile,0.9366770386695862,True,automobile:0.9367;truck:0.0449;bird:0.0068
3603,frog,ship,0.33676427602767944,False,ship:0.3368;dog:0.2061;bird:0.1084
2418,ship,ship,0.9867318272590637,True,ship:0.9867;airplane:0.0040;bird:0.0038
3378,deer,deer,0.996289849281311,True,deer:0.9963;horse:0.0025;dog:0.0006
8923,frog,frog,0.7790156602859497,True,frog:0.7790;cat:0.0584;bird:0.0533
1879,airplane,airplane,0.9398484826087952,True,airplane:0.9398;bird:0.0400;ship:0.0066
3905,bird,bird,0.9948086142539978,True,bird:0.9948;frog:0.0014;airplane:0.0007
6747,ship,ship,0.8901668190956116,True,ship:0.8902;automobile:0.0362;airplane:0.0305
9319,cat,cat,0.4264916479587555,True,cat:0.4265;dog:0.3292;horse:0.0628
4269,airplane,airplane,0.7805777192115784,True,airplane:0.7806;bird:0.0935;horse:0.0540
1909,cat,cat,0.4415759742259979,True,cat:0.4416;deer:0.4365;horse:0.0781
8515,ship,ship,0.959035336971283,True,ship:0.9590;airplane:0.0129;automobile:0.0096
5394,automobile,automobile,0.8919225335121155,True,automobile:0.8919;truck:0.0775;bird:0.0101
5410,cat,deer,0.29588618874549866,False,deer:0.2959;horse:0.2200;frog:0.1735
925,dog,cat,0.687708854675293,False,cat:0.6877;dog:0.2354;frog:0.0215
4952,truck,truck,0.9803805947303772,True,truck:0.9804;automobile:0.0151;frog:0.0014
3902,truck,truck,0.9935120940208435,True,truck:0.9935;automobile:0.0053;horse:0.0003
5128,cat,cat,0.9358395934104919,True,cat:0.9358;bird:0.0228;horse:0.0207
8233,deer,horse,0.6897005438804626,False,horse:0.6897;deer:0.2995;bird:0.0040
9274,ship,ship,0.9857041835784912,True,ship:0.9857;airplane:0.0051;truck:0.0036
155,dog,dog,0.8021217584609985,True,dog:0.8021;frog:0.0414;bird:0.0327
9801,frog,frog,0.5214173793792725,True,frog:0.5214;bird:0.1262;cat:0.0877
4917,dog,dog,0.932031512260437,True,dog:0.9320;horse:0.0258;cat:0.0078
6186,truck,truck,0.9910662770271301,True,truck:0.9911;automobile:0.0060;bird:0.0010
3710,bird,bird,0.9974024891853333,True,bird:0.9974;airplane:0.0007;dog:0.0005
8810,bird,bird,0.9966018199920654,True,bird:0.9966;frog:0.0012;airplane:0.0008
9082,bird,bird,0.9303354620933533,True,bird:0.9303;horse:0.0154;deer:0.0138
693,horse,horse,0.9831400513648987,True,horse:0.9831;deer:0.0128;dog:0.0024
3800,truck,truck,0.8609013557434082,True,truck:0.8609;horse:0.0470;automobile:0.0243
4865,ship,ship,0.5263046026229858,True,ship:0.5263;bird:0.1021;frog:0.0962
6718,ship,ship,0.7864819169044495,True,ship:0.7865;truck:0.0959;automobile:0.0780
7223,horse,horse,0.9408396482467651,True,horse:0.9408;deer:0.0180;dog:0.0149
6484,ship,ship,0.9736207127571106,True,ship:0.9736;truck:0.0145;automobile:0.0034
6808,airplane,airplane,0.8752269148826599,True,airplane:0.8752;bird:0.0945;ship:0.0173
4665,cat,cat,0.867379903793335,True,cat:0.8674;bird:0.0375;dog:0.0305
7651,deer,deer,0.4187178313732147,True,deer:0.4187;frog:0.1957;bird:0.1586
3657,horse,horse,0.9939501285552979,True,horse:0.9940;deer:0.0031;bird:0.0011
2864,dog,dog,0.4353383481502533,True,dog:0.4353;bird:0.4113;frog:0.0513
547,frog,horse,0.2527993619441986,False,horse:0.2528;dog:0.1875;bird:0.1651
7323,cat,cat,0.6650439500808716,True,cat:0.6650;dog:0.2350;bird:0.0542
4372,automobile,automobile,0.9542151093482971,True,automobile:0.9542;truck:0.0308;bird:0.0054
1555,airplane,airplane,0.837413489818573,True,airplane:0.8374;bird:0.0577;ship:0.0522
559,bird,bird,0.9956744313240051,True,bird:0.9957;frog:0.0013;automobile:0.0007
4779,truck,truck,0.6269100308418274,True,truck:0.6269;automobile:0.2949;ship:0.0217
8958,frog,deer,0.46684110164642334,False,deer:0.4668;horse:0.1859;bird:0.1188
9893,bird,bird,0.8760926127433777,True,bird:0.8761;airplane:0.0414;deer:0.0213
7390,frog,frog,0.642378568649292,True,frog:0.6424;bird:0.1269;deer:0.0419
9216,frog,bird,0.6255858540534973,False,bird:0.6256;cat:0.1087;frog:0.0945
4969,automobile,automobile,0.946437656879425,True,automobile:0.9464;truck:0.0426;ship:0.0035
6057,airplane,airplane,0.9838855266571045,True,airplane:0.9839;bird:0.0099;ship:0.0024
3846,truck,truck,0.956078290939331,True,truck:0.9561;automobile:0.0307;ship:0.0045
2992,deer,deer,0.9347687363624573,True,deer:0.9348;horse:0.0383;airplane:0.0119
6962,horse,horse,0.9937137961387634,True,horse:0.9937;deer:0.0040;dog:0.0009
5252,deer,deer,0.570268452167511,True,deer:0.5703;horse:0.3282;dog:0.0907
1900,ship,ship,0.9804531335830688,True,ship:0.9805;truck:0.0082;bird:0.0041
88,ship,ship,0.9831461310386658,True,ship:0.9831;bird:0.0055;airplane:0.0032
5881,cat,dog,0.6243489384651184,False,dog:0.6243;cat:0.2641;horse:0.0616
8338,cat,dog,0.3271249830722809,False,dog:0.3271;cat:0.2792;bird:0.1392
4260,ship,ship,0.9886289834976196,True,ship:0.9886;truck:0.0036;automobile:0.0029
9844,dog,dog,0.9657873511314392,True,dog:0.9658;bird:0.0105;frog:0.0094
3787,cat,deer,0.5662583112716675,False,deer:0.5663;cat:0.3677;bird:0.0202
3552,ship,ship,0.948350191116333,True,ship:0.9484;truck:0.0112;bird:0.0108
6148,deer,horse,0.8176553249359131,False,horse:0.8177;deer:0.1758;bird:0.0018
4397,ship,ship,0.9818270802497864,True,ship:0.9818;airplane:0.0052;truck:0.0039
9201,cat,cat,0.8338595032691956,True,cat:0.8339;bird:0.0707;deer:0.0244
4522,bird,bird,0.9892539978027344,True,bird:0.9893;frog:0.0050;dog:0.0015
7395,bird,bird,0.995412290096283,True,bird:0.9954;frog:0.0009;airplane:0.0006
2922,cat,cat,0.9525130391120911,True,cat:0.9525;dog:0.0130;bird:0.0109
3854,ship,ship,0.99222731590271,True,ship:0.9922;truck:0.0028;automobile:0.0017
3464,truck,truck,0.7969449758529663,True,truck:0.7969;automobile:0.1672;ship:0.0100
100,deer,deer,0.9946331977844238,True,deer:0.9946;horse:0.0028;bird:0.0017
8714,deer,deer,0.9638882875442505,True,deer:0.9639;horse:0.0291;bird:0.0023
4514,truck,truck,0.9823136925697327,True,truck:0.9823;automobile:0.0110;bird:0.0014
4576,deer,deer,0.9647020101547241,True,deer:0.9647;horse:0.0180;dog:0.0104
2087,airplane,airplane,0.8436165452003479,True,airplane:0.8436;bird:0.1119;deer:0.0188
7226,horse,horse,0.9849164485931396,True,horse:0.9849;deer:0.0118;dog:0.0014
426,cat,cat,0.24646857380867004,True,cat:0.2465;dog:0.2007;bird:0.1804
7239,deer,deer,0.9946994781494141,True,deer:0.9947;bird:0.0018;horse:0.0010
6791,horse,horse,0.9942694902420044,True,horse:0.9943;bird:0.0015;dog:0.0015
5100,cat,cat,0.9278262257575989,True,cat:0.9278;dog:0.0210;bird:0.0125
3250,bird,bird,0.9885115623474121,True,bird:0.9885;frog:0.0042;airplane:0.0033
4238,dog,dog,0.5798118710517883,True,dog:0.5798;cat:0.1666;bird:0.0998
965,frog,frog,0.7435232996940613,True,frog:0.7435;bird:0.1603;ship:0.0328
3091,automobile,automobile,0.7973423600196838,True,automobile:0.7973;truck:0.0839;frog:0.0355
1270,automobile,truck,0.7968783974647522,False,truck:0.7969;automobile:0.1868;ship:0.0052
9752,horse,horse,0.9934866428375244,True,horse:0.9935;deer:0.0020;bird:0.0016
5375,automobile,automobile,0.9047258496284485,True,automobile:0.9047;truck:0.0715;bird:0.0082
1,ship,ship,0.9891300201416016,True,ship:0.9891;automobile:0.0039;airplane:0.0020
9999,horse,horse,0.9984618425369263,True,horse:0.9985;deer:0.0006;bird:0.0005
5248,truck,truck,0.989654004573822,True,truck:0.9897;automobile:0.0070;horse:0.0009
8118,deer,airplane,0.5248350501060486,False,airplane:0.5248;ship:0.2016;deer:0.0890
428,airplane,ship,0.22844737768173218,False,ship:0.2284;airplane:0.1895;dog:0.1388
9163,deer,deer,0.9985150694847107,True,deer:0.9985;horse:0.0006;bird:0.0004
4709,ship,ship,0.7684440016746521,True,ship:0.7684;truck:0.1186;automobile:0.0403
5850,frog,bird,0.31706860661506653,False,bird:0.3171;frog:0.3102;deer:0.1827
1074,cat,bird,0.3013008236885071,False,bird:0.3013;frog:0.1965;deer:0.1779
3057,frog,horse,0.5943523049354553,False,horse:0.5944;deer:0.1592;dog:0.0489
1572,frog,dog,0.17284230887889862,False,dog:0.1728;deer:0.1462;ship:0.1377
9733,horse,horse,0.9981649518013,True,horse:0.9982;bird:0.0007;deer:0.0004
9897,ship,ship,0.9974662065505981,True,ship:0.9975;bird:0.0008;airplane:0.0007
7652,airplane,airplane,0.962024450302124,True,airplane:0.9620;bird:0.0180;truck:0.0069
3525,bird,bird,0.952201783657074,True,bird:0.9522;frog:0.0285;cat:0.0076
8022,bird,bird,0.9418417811393738,True,bird:0.9418;horse:0.0163;frog:0.0145
9183,ship,ship,0.9777663946151733,True,ship:0.9778;bird:0.0063;airplane:0.0042
7060,ship,ship,0.9955753087997437,True,ship:0.9956;airplane:0.0016;automobile:0.0007
5411,bird,bird,0.990829348564148,True,bird:0.9908;frog:0.0054;deer:0.0007
7880,airplane,airplane,0.8790405988693237,True,airplane:0.8790;bird:0.0427;automobile:0.0281
2541,automobile,automobile,0.9392663836479187,True,automobile:0.9393;bird:0.0321;truck:0.0209
521,horse,horse,0.9938629865646362,True,horse:0.9939;truck:0.0013;bird:0.0012
3747,truck,truck,0.9811686277389526,True,truck:0.9812;automobile:0.0148;ship:0.0013
104,automobile,automobile,0.7425779700279236,True,automobile:0.7426;truck:0.2337;bird:0.0074
1291,truck,truck,0.984635055065155,True,truck:0.9846;automobile:0.0090;ship:0.0022
4423,frog,bird,0.2695218622684479,False,bird:0.2695;frog:0.2635;dog:0.1128
4875,automobile,automobile,0.8110825419425964,True,automobile:0.8111;truck:0.1500;frog:0.0165
5988,truck,truck,0.9680432677268982,True,truck:0.9680;automobile:0.0118;horse:0.0091
1962,frog,frog,0.8744364380836487,True,frog:0.8744;bird:0.0547;deer:0.0228
5064,dog,dog,0.9828988313674927,True,dog:0.9829;bird:0.0053;frog:0.0045
7861,airplane,airplane,0.9254751801490784,True,airplane:0.9255;bird:0.0255;automobile:0.0255
386,horse,horse,0.9839949607849121,True,horse:0.9840;deer:0.0075;dog:0.0020
1689,truck,truck,0.8798034191131592,True,truck:0.8798;automobile:0.0737;horse:0.0131
997,automobile,truck,0.7994117736816406,False,truck:0.7994;automobile:0.1848;bird:0.0070
3291,dog,dog,0.8973126411437988,True,dog:0.8973;horse:0.0507;deer:0.0222
9885,ship,ship,0.9380590319633484,True,ship:0.9381;airplane:0.0572;bird:0.0032
2893,ship,ship,0.990222692489624,True,ship:0.9902;truck:0.0030;bird:0.0023
7216,bird,bird,0.9848340749740601,True,bird:0.9848;frog:0.0079;deer:0.0025
7663,bird,bird,0.9702525734901428,True,bird:0.9703;frog:0.0234;airplane:0.0028
5212,dog,dog,0.9103119373321533,True,dog:0.9103;horse:0.0241;frog:0.0147
9087,cat,cat,0.9080399870872498,True,cat:0.9080;dog:0.0265;bird:0.0242
5741,automobile,automobile,0.7149114012718201,True,automobile:0.7149;truck:0.2604;bird:0.0110
2381,dog,dog,0.9646487832069397,True,dog:0.9646;horse:0.0148;bird:0.0118
3049,cat,dog,0.611375093460083,False,dog:0.6114;cat:0.1648;frog:0.0633
489,airplane,airplane,0.9763986468315125,True,airplane:0.9764;bird:0.0167;ship:0.0024
8323,truck,truck,0.8551557064056396,True,truck:0.8552;frog:0.0356;automobile:0.0327
3612,automobile,automobile,0.5201435089111328,True,automobile:0.5201;truck:0.4011;ship:0.0492
1498,dog,dog,0.5319827198982239,True,dog:0.5320;horse:0.3501;cat:0.0695
1518,cat,cat,0.3939509093761444,True,cat:0.3940;bird:0.2052;dog:0.1355
4916,frog,frog,0.3050925135612488,True,frog:0.3051;dog:0.2515;bird:0.1472
6200,cat,cat,0.7772392630577087,True,cat:0.7772;bird:0.0825;dog:0.0676
8183,cat,cat,0.6730020046234131,True,cat:0.6730;frog:0.1079;bird:0.0797
8444,dog,dog,0.8389856219291687,True,dog:0.8390;horse:0.1313;deer:0.0106
5452,airplane,airplane,0.6737245917320251,True,airplane:0.6737;automobile:0.0795;truck:0.0781
8467,cat,cat,0.8058562874794006,True,cat:0.8059;dog:0.0486;bird:0.0425
8314,frog,dog,0.2975907027721405,False,dog:0.2976;cat:0.2529;frog:0.1062
7184,dog,dog,0.835769534111023,True,dog:0.8358;horse:0.0518;frog:0.0415
1883,cat,cat,0.8593192100524902,True,cat:0.8593;dog:0.0534;deer:0.0313
2941,ship,ship,0.9808462262153625,True,ship:0.9808;airplane:0.0091;bird:0.0030
9135,horse,horse,0.995013415813446,True,horse:0.9950;deer:0.0038;bird:0.0004
6461,deer,deer,0.8042718172073364,True,deer:0.8043;dog:0.1151;cat:0.0321
3012,automobile,automobile,0.931926429271698,True,automobile:0.9319;truck:0.0485;ship:0.0080
3369,dog,dog,0.9550867080688477,True,dog:0.9551;horse:0.0234;deer:0.0054
2654,dog,dog,0.9496957063674927,True,dog:0.9497;horse:0.0198;bird:0.0108
4487,cat,ship,0.31268972158432007,False,ship:0.3127;deer:0.2139;cat:0.1170
8991,airplane,truck,0.3786555528640747,False,truck:0.3787;automobile:0.2465;airplane:0.2033
7974,frog,cat,0.26997125148773193,False,cat:0.2700;frog:0.2069;deer:0.1795
2079,airplane,bird,0.28445690870285034,False,bird:0.2845;ship:0.2247;frog:0.1398
2088,horse,horse,0.9698846340179443,True,horse:0.9699;deer:0.0257;bird:0.0019
4349,airplane,airplane,0.9349552989006042,True,airplane:0.9350;bird:0.0272;ship:0.0158
3609,truck,truck,0.9867854714393616,True,truck:0.9868;automobile:0.0100;bird:0.0010
1359,truck,truck,0.9635481834411621,True,truck:0.9635;automobile:0.0245;horse:0.0031
565,cat,cat,0.9370702505111694,True,cat:0.9371;bird:0.0156;frog:0.0148
4179,frog,frog,0.9693379402160645,True,frog:0.9693;bird:0.0214;horse:0.0025
6645,frog,frog,0.4053298234939575,True,frog:0.4053;bird:0.1325;ship:0.0922
8393,ship,ship,0.9815390706062317,True,ship:0.9815;truck:0.0096;bird:0.0030
7403,deer,deer,0.9568799734115601,True,deer:0.9569;horse:0.0257;bird:0.0080
9570,horse,horse,0.9966811537742615,True,horse:0.9967;bird:0.0007;deer:0.0006
9154,bird,bird,0.9708942770957947,True,bird:0.9709;airplane:0.0152;frog:0.0044
4109,dog,dog,0.9625357985496521,True,dog:0.9625;horse:0.0119;frog:0.0068
1213,ship,ship,0.9915527701377869,True,ship:0.9916;airplane:0.0050;bird:0.0011
7193,ship,ship,0.889121949672699,True,ship:0.8891;bird:0.0252;automobile:0.0208
4690,bird,bird,0.9040336608886719,True,bird:0.9040;frog:0.0648;deer:0.0172
3028,automobile,automobile,0.6894065737724304,True,automobile:0.6894;truck:0.2888;bird:0.0038
1257,bird,bird,0.9940615296363831,True,bird:0.9941;airplane:0.0015;horse:0.0010
5668,horse,horse,0.9966325163841248,True,horse:0.9966;bird:0.0008;dog:0.0008
607,cat,cat,0.6911832094192505,True,cat:0.6912;bird:0.1019;dog:0.0907
9681,bird,bird,0.41037946939468384,True,bird:0.4104;frog:0.1886;dog:0.1320
1387,truck,truck,0.9885531663894653,True,truck:0.9886;automobile:0.0088;bird:0.0010
2282,truck,truck,0.8323662877082825,True,truck:0.8324;automobile:0.1296;frog:0.0095
9161,frog,frog,0.5891472101211548,True,frog:0.5891;deer:0.1591;bird:0.0749
8949,horse,horse,0.9959756731987,True,horse:0.9960;deer:0.0014;bird:0.0008
9320,truck,truck,0.9927108287811279,True,truck:0.9927;automobile:0.0053;ship:0.0008
752,truck,truck,0.975142776966095,True,truck:0.9751;automobile:0.0114;horse:0.0075
6211,ship,ship,0.9905545115470886,True,ship:0.9906;truck:0.0034;airplane:0.0018
9233,ship,ship,0.8582070469856262,True,ship:0.8582;truck:0.0873;automobile:0.0231
1916,truck,ship,0.4914308786392212,False,ship:0.4914;truck:0.1447;horse:0.0760
164,ship,ship,0.6511638164520264,True,ship:0.6512;truck:0.1379;automobile:0.1065
5190,airplane,airplane,0.899715781211853,True,airplane:0.8997;bird:0.0787;ship:0.0126
8287,ship,ship,0.9965468049049377,True,ship:0.9965;airplane:0.0011;truck:0.0009
4959,horse,horse,0.9943200349807739,True,horse:0.9943;deer:0.0015;bird:0.0012
8848,cat,cat,0.835963785648346,True,cat:0.8360;dog:0.1262;bird:0.0154
7114,automobile,automobile,0.6260939836502075,True,automobile:0.6261;truck:0.3468;bird:0.0081
2983,dog,dog,0.8919795155525208,True,dog:0.8920;bird:0.0351;frog:0.0285
3713,bird,bird,0.39687174558639526,True,bird:0.3969;cat:0.2068;frog:0.1128
968,automobile,automobile,0.8982998728752136,True,automobile:0.8983;truck:0.0836;ship:0.0045
1861,cat,cat,0.808933675289154,True,cat:0.8089;dog:0.0695;frog:0.0331
8050,horse,horse,0.9944843649864197,True,horse:0.9945;deer:0.0017;bird:0.0014
5654,deer,dog,0.64947909116745,False,dog:0.6495;horse:0.1417;deer:0.1232
7059,deer,deer,0.6265425086021423,True,deer:0.6265;frog:0.1870;horse:0.0754
8899,deer,deer,0.9396323561668396,True,deer:0.9396;dog:0.0233;horse:0.0125
6801,frog,frog,0.5952321290969849,True,frog:0.5952;bird:0.1144;deer:0.0826
1337,dog,dog,0.624241828918457,True,dog:0.6242;cat:0.3125;frog:0.0249
9365,frog,frog,0.7468569278717041,True,frog:0.7469;ship:0.1101;bird:0.0550
4605,cat,cat,0.43612581491470337,True,cat:0.4361;bird:0.1941;dog:0.1561
545,truck,truck,0.971875011920929,True,truck:0.9719;automobile:0.0177;bird:0.0036
9976,dog,dog,0.9368507266044617,True,dog:0.9369;frog:0.0263;bird:0.0129
1842,deer,horse,0.540496826171875,False,horse:0.5405;deer:0.4521;bird:0.0037
7820,dog,dog,0.9058259725570679,True,dog:0.9058;cat:0.0339;bird:0.0207
9961,cat,cat,0.8388476967811584,True,cat:0.8388;dog:0.0497;bird:0.0393
1345,deer,deer,0.9749343395233154,True,deer:0.9749;horse:0.0186;dog:0.0040
3763,ship,ship,0.9915055632591248,True,ship:0.9915;truck:0.0023;bird:0.0020
105,automobile,automobile,0.9518727660179138,True,automobile:0.9519;truck:0.0281;bird:0.0077
3136,deer,deer,0.9963066577911377,True,deer:0.9963;horse:0.0029;bird:0.0004
1527,dog,dog,0.9455713629722595,True,dog:0.9456;truck:0.0165;automobile:0.0151
2738,deer,deer,0.9697256684303284,True,deer:0.9697;horse:0.0244;dog:0.0023
7120,horse,horse,0.9943406581878662,True,horse:0.9943;deer:0.0017;bird:0.0012
499,airplane,airplane,0.5522658228874207,True,airplane:0.5523;bird:0.3879;frog:0.0311
1113,ship,ship,0.9920786023139954,True,ship:0.9921;truck:0.0043;bird:0.0012
4309,horse,horse,0.5325478911399841,True,horse:0.5325;deer:0.4180;dog:0.0376
2611,deer,deer,0.8505535125732422,True,deer:0.8506;dog:0.1005;horse:0.0133
2042,automobile,automobile,0.9364707469940186,True,automobile:0.9365;truck:0.0389;bird:0.0104
774,airplane,airplane,0.8085440397262573,True,airplane:0.8085;bird:0.1388;ship:0.0414
8450,truck,truck,0.8900891542434692,True,truck:0.8901;automobile:0.0605;ship:0.0321
2321,bird,bird,0.774638831615448,True,bird:0.7746;horse:0.0464;deer:0.0406
6198,truck,truck,0.985144853591919,True,truck:0.9851;automobile:0.0081;ship:0.0018
7642,truck,truck,0.9803849458694458,True,truck:0.9804;automobile:0.0119;ship:0.0017
7224,cat,cat,0.7278502583503723,True,cat:0.7279;deer:0.1748;dog:0.0438
2486,horse,horse,0.9898321628570557,True,horse:0.9898;deer:0.0072;bird:0.0011
6445,automobile,truck,0.7126379013061523,False,truck:0.7126;automobile:0.2712;frog:0.0059
7284,airplane,airplane,0.929521918296814,True,airplane:0.9295;bird:0.0423;ship:0.0162
5325,ship,ship,0.9812735319137573,True,ship:0.9813;automobile:0.0072;truck:0.0040
1187,automobile,automobile,0.7137598395347595,True,automobile:0.7138;truck:0.2697;bird:0.0056
2205,dog,dog,0.9314156770706177,True,dog:0.9314;cat:0.0290;horse:0.0121
3339,truck,truck,0.721723198890686,True,truck:0.7217;automobile:0.1212;ship:0.0358
6457,bird,horse,0.3386084735393524,False,horse:0.3386;deer:0.1758;bird:0.0954
5680,bird,bird,0.933672308921814,True,bird:0.9337;horse:0.0247;dog:0.0104
5887,automobile,automobile,0.9019111394882202,True,automobile:0.9019;truck:0.0673;bird:0.0097
3124,frog,frog,0.9068703651428223,True,frog:0.9069;bird:0.0523;deer:0.0187
3309,deer,deer,0.5274060964584351,True,deer:0.5274;horse:0.2945;dog:0.1605
9988,ship,ship,0.9914974570274353,True,ship:0.9915;truck:0.0034;bird:0.0022
9019,truck,truck,0.9754568338394165,True,truck:0.9755;automobile:0.0154;ship:0.0031
7360,bird,bird,0.6963246464729309,True,bird:0.6963;horse:0.1992;deer:0.0464
3480,bird,bird,0.9648703336715698,True,bird:0.9649;horse:0.0147;dog:0.0073
5178,dog,dog,0.6831896901130676,True,dog:0.6832;bird:0.2085;frog:0.0534
9693,frog,frog,0.4341682493686676,True,frog:0.4342;bird:0.1146;deer:0.0913
5855,horse,horse,0.9577156901359558,True,horse:0.9577;bird:0.0357;deer:0.0024
2004,horse,horse,0.99695885181427,True,horse:0.9970;dog:0.0007;bird:0.0007
6190,deer,deer,0.9838647842407227,True,deer:0.9839;bird:0.0074;horse:0.0028
5980,truck,truck,0.9222010374069214,True,truck:0.9222;automobile:0.0369;horse:0.0116
6615,horse,horse,0.8193232417106628,True,horse:0.8193;deer:0.0767;dog:0.0341
776,bird,bird,0.978188693523407,True,bird:0.9782;horse:0.0129;dog:0.0046
1293,deer,deer,0.8762199878692627,True,deer:0.8762;horse:0.0429;frog:0.0243
4484,deer,deer,0.9751995205879211,True,deer:0.9752;horse:0.0214;bird:0.0014
9150,frog,frog,0.8487893342971802,True,frog:0.8488;bird:0.0822;deer:0.0357
4043,cat,cat,0.9122644066810608,True,cat:0.9123;dog:0.0228;frog:0.0216
6443,frog,frog,0.9916985034942627,True,frog:0.9917;bird:0.0047;deer:0.0017
5882,automobile,truck,0.9430312514305115,False,truck:0.9430;automobile:0.0313;horse:0.0071
6564,dog,dog,0.44191935658454895,True,dog:0.4419;horse:0.1774;cat:0.1012
4960,deer,deer,0.9978912472724915,True,deer:0.9979;horse:0.0007;bird:0.0005
3668,bird,frog,0.311433345079422,False,frog:0.3114;bird:0.1609;horse:0.1349
3793,frog,dog,0.5059533715248108,False,dog:0.5060;cat:0.1592;horse:0.1544
6627,dog,dog,0.7499613165855408,True,dog:0.7500;cat:0.0834;bird:0.0477
5636,deer,deer,0.541786789894104,True,deer:0.5418;horse:0.4513;bird:0.0032
1941,horse,horse,0.9967672824859619,True,horse:0.9968;bird:0.0009;airplane:0.0007
8261,automobile,truck,0.697219967842102,False,truck:0.6972;automobile:0.2859;bird:0.0052
4430,automobile,automobile,0.9183655381202698,True,automobile:0.9184;truck:0.0485;deer:0.0150
588,ship,ship,0.9887571930885315,True,ship:0.9888;bird:0.0033;airplane:0.0024
2625,bird,bird,0.9501039981842041,True,bird:0.9501;deer:0.0352;frog:0.0075
3879,horse,horse,0.9901864528656006,True,horse:0.9902;dog:0.0023;deer:0.0014
141,dog,cat,0.4270687699317932,False,cat:0.4271;dog:0.2586;horse:0.1407
3865,horse,horse,0.9889574646949768,True,horse:0.9890;bird:0.0024;deer:0.0019
2468,airplane,airplane,0.9675412774085999,True,airplane:0.9675;bird:0.0222;ship:0.0051
7658,horse,horse,0.9956411123275757,True,horse:0.9956;deer:0.0019;bird:0.0009
3482,horse,horse,0.9401370882987976,True,horse:0.9401;deer:0.0564;bird:0.0013
498,bird,bird,0.9126526713371277,True,bird:0.9127;deer:0.0492;horse:0.0188
2691,bird,bird,0.9874684810638428,True,bird:0.9875;horse:0.0034;deer:0.0025
7460,dog,bird,0.4251033067703247,False,bird:0.4251;dog:0.3181;cat:0.1397
81,automobile,automobile,0.8701288104057312,True,automobile:0.8701;truck:0.0891;ship:0.0312
5517,automobile,automobile,0.9681228399276733,True,automobile:0.9681;truck:0.0153;ship:0.0060
5308,truck,truck,0.9889249205589294,True,truck:0.9889;automobile:0.0073;horse:0.0013
3666,dog,dog,0.9606171250343323,True,dog:0.9606;frog:0.0100;horse:0.0091
8116,truck,truck,0.979134202003479,True,truck:0.9791;automobile:0.0119;horse:0.0033
6795,truck,truck,0.5645211935043335,True,truck:0.5645;horse:0.1579;automobile:0.0981
2163,horse,horse,0.9939842820167542,True,horse:0.9940;deer:0.0032;dog:0.0006
6650,airplane,airplane,0.9249453544616699,True,airplane:0.9249;bird:0.0452;ship:0.0128
161,automobile,automobile,0.9405633211135864,True,automobile:0.9406;truck:0.0359;deer:0.0067
4567,deer,deer,0.9682590365409851,True,deer:0.9683;horse:0.0242;dog:0.0042
1875,airplane,airplane,0.9323773980140686,True,airplane:0.9324;bird:0.0566;ship:0.0058
684,truck,truck,0.9556363224983215,True,truck:0.9556;automobile:0.0237;ship:0.0053
2104,frog,frog,0.9977721571922302,True,frog:0.9978;bird:0.0011;dog:0.0003
7232,truck,truck,0.7965088486671448,True,truck:0.7965;automobile:0.1357;horse:0.0196
8024,airplane,airplane,0.9325361251831055,True,airplane:0.9325;ship:0.0256;bird:0.0233
1442,cat,dog,0.40704137086868286,False,dog:0.4070;deer:0.3098;cat:0.0978
2530,frog,bird,0.7561929821968079,False,bird:0.7562;frog:0.2227;cat:0.0042
1838,frog,ship,0.31571218371391296,False,ship:0.3157;dog:0.2165;frog:0.1574
5712,bird,bird,0.9852515459060669,True,bird:0.9853;horse:0.0056;deer:0.0028
8927,truck,truck,0.9867234826087952,True,truck:0.9867;automobile:0.0107;horse:0.0008
945,cat,ship,0.37552446126937866,False,ship:0.3755;deer:0.1585;cat:0.1548
8056,automobile,truck,0.7617059350013733,False,truck:0.7617;automobile:0.1802;deer:0.0285
7970,cat,cat,0.8817012310028076,True,cat:0.8817;dog:0.0746;deer:0.0184
244,airplane,airplane,0.6604887843132019,True,airplane:0.6605;bird:0.2476;ship:0.0355
567,horse,horse,0.9983835220336914,True,horse:0.9984;deer:0.0004;dog:0.0004
1896,truck,truck,0.9112478494644165,True,truck:0.9112;automobile:0.0617;ship:0.0085
5162,horse,horse,0.6270029544830322,True,horse:0.6270;bird:0.1258;ship:0.0691
2348,deer,bird,0.3168562054634094,False,bird:0.3169;deer:0.2227;horse:0.1120
8394,horse,horse,0.8321698307991028,True,horse:0.8322;dog:0.0712;deer:0.0473
1477,horse,horse,0.9949336647987366,True,horse:0.9949;deer:0.0030;bird:0.0006
5877,truck,truck,0.9800648093223572,True,truck:0.9801;automobile:0.0136;horse:0.0019
4786,frog,frog,0.46446913480758667,True,frog:0.4645;dog:0.2061;bird:0.1063
5402,deer,deer,0.8034355640411377,True,deer:0.8034;horse:0.1928;dog:0.0019
9959,bird,bird,0.9745984077453613,True,bird:0.9746;frog:0.0104;dog:0.0046
3855,automobile,automobile,0.8926712870597839,True,automobile:0.8927;truck:0.0846;bird:0.0080
5043,airplane,airplane,0.6429259777069092,True,airplane:0.6429;ship:0.1257;bird:0.1033
2241,airplane,airplane,0.9785916805267334,True,airplane:0.9786;bird:0.0171;ship:0.0024
3954,dog,horse,0.5003039836883545,False,horse:0.5003;dog:0.4672;deer:0.0107
5126,airplane,bird,0.47930848598480225,False,bird:0.4793;airplane:0.2629;frog:0.0950
6960,truck,truck,0.9903773665428162,True,truck:0.9904;automobile:0.0053;horse:0.0012
6136,truck,truck,0.9452523589134216,True,truck:0.9453;automobile:0.0308;horse:0.0086
3588,frog,frog,0.8143032193183899,True,frog:0.8143;bird:0.0765;dog:0.0206
984,horse,horse,0.9914584755897522,True,horse:0.9915;deer:0.0025;bird:0.0016
9272,airplane,airplane,0.9584788680076599,True,airplane:0.9585;bird:0.0328;ship:0.0054
1317,truck,truck,0.9846345782279968,True,truck:0.9846;automobile:0.0083;ship:0.0023
303,bird,bird,0.6136937141418457,True,bird:0.6137;frog:0.1008;ship:0.0711
1013,automobile,automobile,0.9024178385734558,True,automobile:0.9024;truck:0.0785;deer:0.0050
844,automobile,automobile,0.809203028678894,True,automobile:0.8092;truck:0.1720;bird:0.0082
2489,cat,cat,0.8944100141525269,True,cat:0.8944;bird:0.0356;dog:0.0277
4268,deer,deer,0.9971221089363098,True,deer:0.9971;horse:0.0013;bird:0.0006
8603,automobile,automobile,0.8500094413757324,True,automobile:0.8500;truck:0.1415;ship:0.0025
3348,automobile,automobile,0.9441733360290527,True,automobile:0.9442;truck:0.0356;bird:0.0096
1693,deer,deer,0.28748464584350586,True,deer:0.2875;bird:0.1970;ship:0.1137
9491,ship,ship,0.9832693338394165,True,ship:0.9833;truck:0.0034;airplane:0.0034
6004,horse,horse,0.9944449067115784,True,horse:0.9944;deer:0.0016;bird:0.0009
9850,horse,horse,0.9472967982292175,True,horse:0.9473;deer:0.0496;bird:0.0010
8764,automobile,automobile,0.7781627774238586,True,automobile:0.7782;truck:0.1955;bird:0.0072
1056,cat,horse,0.5026666522026062,False,horse:0.5027;dog:0.3021;cat:0.0557
7179,truck,truck,0.9881805181503296,True,truck:0.9882;automobile:0.0079;horse:0.0018
4791,truck,truck,0.83757084608078,True,truck:0.8376;automobile:0.0936;ship:0.0227
7461,truck,truck,0.7292555570602417,True,truck:0.7293;ship:0.0908;automobile:0.0655
7850,airplane,airplane,0.9633245468139648,True,airplane:0.9633;ship:0.0111;bird:0.0106
9023,ship,ship,0.9170977473258972,True,ship:0.9171;airplane:0.0257;bird:0.0180
41,frog,frog,0.8480173349380493,True,frog:0.8480;deer:0.0470;bird:0.0400
7317,frog,frog,0.33269694447517395,True,frog:0.3327;dog:0.1658;bird:0.1345
8574,deer,deer,0.9805195927619934,True,deer:0.9805;horse:0.0143;dog:0.0022
9328,frog,frog,0.4172324240207672,True,frog:0.4172;bird:0.3978;deer:0.0460
8097,automobile,automobile,0.7436144948005676,True,automobile:0.7436;truck:0.2088;ship:0.0154
8102,cat,cat,0.3471091687679291,True,cat:0.3471;deer:0.3182;dog:0.2215
5408,truck,truck,0.9763774275779724,True,truck:0.9764;automobile:0.0155;bird:0.0021
837,bird,deer,0.3959032893180847,False,deer:0.3959;horse:0.3160;truck:0.0940
7467,frog,ship,0.577743411064148,False,ship:0.5777;frog:0.1276;bird:0.0602
9538,ship,ship,0.9333082437515259,True,ship:0.9333;bird:0.0262;dog:0.0080
94,deer,deer,0.9972949624061584,True,deer:0.9973;bird:0.0011;horse:0.0009
6874,frog,frog,0.8808680772781372,True,frog:0.8809;bird:0.0438;dog:0.0302
5284,frog,bird,0.4098200798034668,False,bird:0.4098;frog:0.3639;cat:0.0988
1957,cat,dog,0.5648108124732971,False,dog:0.5648;cat:0.3712;horse:0.0346
9922,dog,dog,0.9805576801300049,True,dog:0.9806;horse:0.0055;bird:0.0046
2303,bird,bird,0.9930725693702698,True,bird:0.9931;airplane:0.0014;dog:0.0013
1867,frog,deer,0.33528345823287964,False,deer:0.3353;frog:0.2835;bird:0.1830
4104,airplane,airplane,0.918271541595459,True,airplane:0.9183;bird:0.0525;ship:0.0167
144,ship,ship,0.9740365147590637,True,ship:0.9740;bird:0.0097;airplane:0.0042
3740,airplane,airplane,0.9523520469665527,True,airplane:0.9524;bird:0.0315;ship:0.0102
7996,horse,horse,0.9970369338989258,True,horse:0.9970;deer:0.0012;bird:0.0008
7012,horse,horse,0.9974702596664429,True,horse:0.9975;deer:0.0009;dog:0.0003
4762,automobile,automobile,0.9577519297599792,True,automobile:0.9578;truck:0.0157;deer:0.0078
7407,truck,truck,0.9677936434745789,True,truck:0.9678;automobile:0.0217;bird:0.0032
8504,automobile,ship,0.6170076727867126,False,ship:0.6170;automobile:0.2947;truck:0.0318
6845,bird,deer,0.8252694606781006,False,deer:0.8253;horse:0.1553;bird:0.0047
3331,ship,ship,0.9806915521621704,True,ship:0.9807;airplane:0.0087;bird:0.0037
2057,dog,dog,0.9473621845245361,True,dog:0.9474;frog:0.0177;bird:0.0140
5705,bird,bird,0.9874885678291321,True,bird:0.9875;frog:0.0056;deer:0.0017
4681,truck,truck,0.9821894764900208,True,truck:0.9822;automobile:0.0101;horse:0.0028
867,horse,horse,0.9898130297660828,True,horse:0.9898;deer:0.0049;dog:0.0019
6977,horse,horse,0.9841246604919434,True,horse:0.9841;dog:0.0086;deer:0.0041
5916,truck,truck,0.9812425374984741,True,truck:0.9812;automobile:0.0124;horse:0.0023
4577,frog,frog,0.7847751975059509,True,frog:0.7848;bird:0.1157;deer:0.0228
3081,truck,truck,0.9958521127700806,True,truck:0.9959;automobile:0.0024;horse:0.0007
5776,dog,dog,0.8098791241645813,True,dog:0.8099;frog:0.1353;bird:0.0170
4257,frog,frog,0.9758785367012024,True,frog:0.9759;bird:0.0145;dog:0.0032
1141,automobile,truck,0.5042969584465027,False,truck:0.5043;automobile:0.4527;bird:0.0154
6643,automobile,truck,0.9093745946884155,False,truck:0.9094;automobile:0.0853;bird:0.0017
8850,automobile,automobile,0.64589524269104,True,automobile:0.6459;truck:0.3335;ship:0.0065
8557,cat,deer,0.5363236665725708,False,deer:0.5363;bird:0.1533;horse:0.0970
6806,automobile,automobile,0.7498877644538879,True,automobile:0.7499;truck:0.2159;bird:0.0150
4883,bird,bird,0.4430587589740753,True,bird:0.4431;deer:0.2912;frog:0.1542
9024,airplane,airplane,0.587790310382843,True,airplane:0.5878;bird:0.3225;ship:0.0454
4961,ship,ship,0.9034594297409058,True,ship:0.9035;truck:0.0740;automobile:0.0137
4520,cat,cat,0.9058198928833008,True,cat:0.9058;bird:0.0472;dog:0.0156
7458,bird,bird,0.9941669702529907,True,bird:0.9942;airplane:0.0013;horse:0.0012
248,bird,bird,0.3372948467731476,True,bird:0.3373;frog:0.1694;horse:0.1347
5365,ship,ship,0.6841882467269897,True,ship:0.6842;truck:0.0708;bird:0.0593
1054,automobile,automobile,0.8575787544250488,True,automobile:0.8576;truck:0.1105;bird:0.0162
2479,dog,dog,0.9506043195724487,True,dog:0.9506;horse:0.0146;bird:0.0123
7977,ship,ship,0.9796480536460876,True,ship:0.9796;bird:0.0055;airplane:0.0045
7019,bird,bird,0.5457765460014343,True,bird:0.5458;frog:0.3937;dog:0.0166
2070,bird,bird,0.9921820759773254,True,bird:0.9922;frog:0.0032;airplane:0.0013
5258,bird,bird,0.9629752039909363,True,bird:0.9630;frog:0.0154;deer:0.0058
3064,automobile,automobile,0.9104665517807007,True,automobile:0.9105;truck:0.0581;bird:0.0138
1598,dog,dog,0.9405839443206787,True,dog:0.9406;horse:0.0306;bird:0.0134
6350,airplane,airplane,0.7793998122215271,True,airplane:0.7794;bird:0.1528;ship:0.0182
3497,airplane,airplane,0.4466336965560913,True,airplane:0.4466;ship:0.1435;horse:0.1088
9549,deer,deer,0.9468072652816772,True,deer:0.9468;dog:0.0218;horse:0.0177
338,airplane,airplane,0.9261122345924377,True,airplane:0.9261;bird:0.0350;ship:0.0107
3669,dog,dog,0.9129538536071777,True,dog:0.9130;horse:0.0419;bird:0.0150
9392,airplane,airplane,0.4419224262237549,True,airplane:0.4419;bird:0.4219;ship:0.0471
384,bird,bird,0.9877374172210693,True,bird:0.9877;frog:0.0049;dog:0.0021
658,deer,deer,0.5787060260772705,True,deer:0.5787;horse:0.3334;dog:0.0737
8865,horse,horse,0.9981004595756531,True,horse:0.9981;deer:0.0007;bird:0.0006
449,bird,bird,0.9647295475006104,True,bird:0.9647;airplane:0.0212;frog:0.0104
8250,frog,frog,0.5481520891189575,True,frog:0.5482;bird:0.2996;deer:0.0912
8571,horse,horse,0.9906548857688904,True,horse:0.9907;deer:0.0060;dog:0.0009
1311,ship,ship,0.9906759262084961,True,ship:0.9907;truck:0.0042;bird:0.0014
1610,bird,bird,0.8500930666923523,True,bird:0.8501;deer:0.0667;horse:0.0251
6781,cat,cat,0.6630118489265442,True,cat:0.6630;frog:0.2785;bird:0.0221
1940,dog,dog,0.9378372430801392,True,dog:0.9378;bird:0.0202;cat:0.0148
1515,bird,bird,0.610968291759491,True,bird:0.6110;dog:0.1575;deer:0.0919
8151,ship,ship,0.9756941795349121,True,ship:0.9757;truck:0.0098;airplane:0.0043
858,horse,horse,0.9950814247131348,True,horse:0.9951;deer:0.0027;bird:0.0010
3116,horse,horse,0.9877156615257263,True,horse:0.9877;deer:0.0059;bird:0.0023
1173,cat,cat,0.3293097913265228,True,cat:0.3293;dog:0.1497;bird:0.1375
525,dog,dog,0.9439182281494141,True,dog:0.9439;horse:0.0141;cat:0.0131
3716,cat,deer,0.9443280696868896,False,deer:0.9443;horse:0.0143;bird:0.0126
1964,cat,dog,0.8241845369338989,False,dog:0.8242;cat:0.1181;horse:0.0190
857,airplane,airplane,0.45152488350868225,True,airplane:0.4515;bird:0.2019;frog:0.1230
1609,deer,deer,0.9770245552062988,True,deer:0.9770;horse:0.0211;bird:0.0008
7421,dog,dog,0.841366708278656,True,dog:0.8414;bird:0.0927;frog:0.0409
2993,airplane,airplane,0.8465688228607178,True,airplane:0.8466;bird:0.0791;automobile:0.0344
8336,cat,cat,0.8930551409721375,True,cat:0.8931;bird:0.0276;frog:0.0248
6206,dog,frog,0.3620193302631378,False,frog:0.3620;cat:0.1310;bird:0.1272
1984,horse,horse,0.9965068697929382,True,horse:0.9965;bird:0.0010;deer:0.0010
5193,deer,deer,0.8068586587905884,True,deer:0.8069;bird:0.0526;horse:0.0436
6241,airplane,airplane,0.9833358526229858,True,airplane:0.9833;bird:0.0118;automobile:0.0020
2154,dog,dog,0.869047224521637,True,dog:0.8690;cat:0.0320;horse:0.0307
2111,truck,truck,0.8660051226615906,True,truck:0.8660;automobile:0.1174;bird:0.0071
3985,horse,horse,0.9982132911682129,True,horse:0.9982;bird:0.0005;dog:0.0003
3860,horse,horse,0.9991298317909241,True,horse:0.9991;bird:0.0004;dog:0.0001
9724,airplane,airplane,0.9227406978607178,True,airplane:0.9227;bird:0.0662;ship:0.0040
609,truck,truck,0.9789150357246399,True,truck:0.9789;automobile:0.0124;bird:0.0023
2600,ship,ship,0.96197909116745,True,ship:0.9620;airplane:0.0122;bird:0.0086
9726,truck,truck,0.9867773652076721,True,truck:0.9868;automobile:0.0083;horse:0.0018
2202,truck,truck,0.8683246374130249,True,truck:0.8683;automobile:0.0906;ship:0.0103
930,deer,deer,0.998503565788269,True,deer:0.9985;horse:0.0008;bird:0.0003
2235,bird,bird,0.6021837592124939,True,bird:0.6022;deer:0.2218;horse:0.1334
5889,frog,frog,0.8917108774185181,True,frog:0.8917;bird:0.0518;horse:0.0126
748,bird,bird,0.996536135673523,True,bird:0.9965;frog:0.0012;truck:0.0006
4671,frog,frog,0.8097476959228516,True,frog:0.8097;bird:0.0631;deer:0.0490
3900,cat,cat,0.7707633972167969,True,cat:0.7708;dog:0.1354;deer:0.0369
6848,truck,truck,0.9046515822410583,True,truck:0.9047;automobile:0.0586;ship:0.0136
7452,deer,deer,0.9460669159889221,True,deer:0.9461;horse:0.0503;dog:0.0019
8012,cat,cat,0.9123630523681641,True,cat:0.9124;frog:0.0256;dog:0.0221
4835,truck,truck,0.9932550191879272,True,truck:0.9933;automobile:0.0056;horse:0.0003
8595,automobile,automobile,0.7840704321861267,True,automobile:0.7841;truck:0.2061;ship:0.0038
7271,horse,horse,0.8228024244308472,True,horse:0.8228;deer:0.0809;dog:0.0369
9532,ship,ship,0.9802102446556091,True,ship:0.9802;automobile:0.0080;airplane:0.0040
5140,ship,ship,0.98835688829422,True,ship:0.9884;airplane:0.0064;truck:0.0019
4253,truck,truck,0.9854055643081665,True,truck:0.9854;automobile:0.0096;horse:0.0019
8730,bird,bird,0.9810245037078857,True,bird:0.9810;deer:0.0051;airplane:0.0048
2390,automobile,truck,0.6565355062484741,False,truck:0.6565;automobile:0.2995;ship:0.0285
922,truck,truck,0.8526953458786011,True,truck:0.8527;automobile:0.1091;horse:0.0105
1695,truck,truck,0.936138391494751,True,truck:0.9361;automobile:0.0295;ship:0.0200
6222,airplane,airplane,0.9686908721923828,True,airplane:0.9687;bird:0.0232;ship:0.0048
6520,frog,frog,0.7110856771469116,True,frog:0.7111;deer:0.0695;bird:0.0593
571,horse,horse,0.9966163039207458,True,horse:0.9966;bird:0.0007;dog:0.0007
8525,cat,cat,0.221750408411026,True,cat:0.2218;dog:0.2130;horse:0.1275
189,airplane,airplane,0.9185184836387634,True,airplane:0.9185;ship:0.0650;bird:0.0106
4888,dog,dog,0.9553169012069702,True,dog:0.9553;bird:0.0119;cat:0.0090
123,bird,bird,0.9468295574188232,True,bird:0.9468;horse:0.0198;deer:0.0185
4052,dog,frog,0.2778329849243164,False,frog:0.2778;bird:0.2627;dog:0.2225
7404,ship,ship,0.8944735527038574,True,ship:0.8945;airplane:0.0563;bird:0.0218
4981,automobile,automobile,0.9582324028015137,True,automobile:0.9582;truck:0.0196;bird:0.0109
6280,ship,truck,0.31791025400161743,False,truck:0.3179;ship:0.2984;automobile:0.1089
3212,frog,frog,0.7240622043609619,True,frog:0.7241;bird:0.1332;ship:0.0390
9711,deer,deer,0.9974070191383362,True,deer:0.9974;horse:0.0012;bird:0.0006
3913,horse,horse,0.996670663356781,True,horse:0.9967;deer:0.0008;bird:0.0008
3953,horse,horse,0.9929656982421875,True,horse:0.9930;deer:0.0026;bird:0.0014
8895,airplane,bird,0.33813294768333435,False,bird:0.3381;airplane:0.2658;ship:0.2047
6634,deer,deer,0.9902059435844421,True,deer:0.9902;horse:0.0065;dog:0.0013
9718,truck,truck,0.9768297076225281,True,truck:0.9768;automobile:0.0159;ship:0.0025
1168,cat,cat,0.8989819288253784,True,cat:0.8990;dog:0.0490;bird:0.0181
4473,deer,deer,0.9934718608856201,True,deer:0.9935;horse:0.0030;bird:0.0015
8423,frog,bird,0.3359798491001129,False,bird:0.3360;deer:0.1636;frog:0.1546
1179,cat,cat,0.6762147545814514,True,cat:0.6762;dog:0.2677;horse:0.0194
7409,ship,ship,0.9764124155044556,True,ship:0.9764;airplane:0.0081;bird:0.0035
9326,airplane,airplane,0.9628154039382935,True,airplane:0.9628;bird:0.0215;ship:0.0049
967,truck,truck,0.9927868247032166,True,truck:0.9928;automobile:0.0046;bird:0.0008
724,ship,ship,0.9052433967590332,True,ship:0.9052;airplane:0.0409;bird:0.0180
9859,frog,horse,0.2364887297153473,False,horse:0.2365;frog:0.2053;deer:0.1752
8855,deer,deer,0.6632339954376221,True,deer:0.6632;bird:0.1127;dog:0.0716
6146,airplane,truck,0.5308175086975098,False,truck:0.5308;automobile:0.3046;airplane:0.0467
3636,deer,deer,0.9812414646148682,True,deer:0.9812;horse:0.0084;dog:0.0035
5173,airplane,airplane,0.8915587067604065,True,airplane:0.8916;bird:0.0450;ship:0.0257
795,horse,horse,0.9926060438156128,True,horse:0.9926;dog:0.0016;bird:0.0016
6237,cat,cat,0.952235996723175,True,cat:0.9522;dog:0.0155;horse:0.0093
6006,airplane,airplane,0.7467272281646729,True,airplane:0.7467;ship:0.0781;bird:0.0509
5246,horse,horse,0.9967323541641235,True,horse:0.9967;deer:0.0025;bird:0.0004
1456,bird,bird,0.9233286380767822,True,bird:0.9233;horse:0.0392;dog:0.0129
9775,truck,truck,0.9696601033210754,True,truck:0.9697;horse:0.0145;automobile:0.0105
4613,automobile,truck,0.7744646072387695,False,truck:0.7745;automobile:0.2143;ship:0.0034
3141,truck,truck,0.9922910332679749,True,truck:0.9923;automobile:0.0046;bird:0.0013
4445,truck,truck,0.9670323133468628,True,truck:0.9670;automobile:0.0183;horse:0.0039
6389,dog,dog,0.8374220132827759,True,dog:0.8374;horse:0.0504;bird:0.0482
3134,horse,horse,0.9949207901954651,True,horse:0.9949;dog:0.0010;bird:0.0009
9595,horse,horse,0.9126006960868835,True,horse:0.9126;deer:0.0464;dog:0.0113
9734,deer,horse,0.8130609393119812,False,horse:0.8131;deer:0.1804;dog:0.0020
9398,ship,ship,0.4550478160381317,True,ship:0.4550;truck:0.1912;bird:0.0933
8537,airplane,bird,0.34437280893325806,False,bird:0.3444;ship:0.2037;airplane:0.1885
3651,airplane,airplane,0.8999749422073364,True,airplane:0.9000;bird:0.0468;truck:0.0317
3130,cat,bird,0.9375098943710327,False,bird:0.9375;cat:0.0317;frog:0.0131
6163,cat,cat,0.41378194093704224,True,cat:0.4138;bird:0.3169;frog:0.0990
894,automobile,automobile,0.9212982654571533,True,automobile:0.9213;truck:0.0723;bird:0.0016
5477,bird,bird,0.9862726330757141,True,bird:0.9863;frog:0.0049;airplane:0.0030
7508,bird,deer,0.4990105628967285,False,deer:0.4990;bird:0.4125;horse:0.0591
7103,airplane,airplane,0.9114500284194946,True,airplane:0.9115;bird:0.0246;truck:0.0245
7589,frog,frog,0.6971657872200012,True,frog:0.6972;bird:0.0761;dog:0.0761
8087,bird,bird,0.9963724613189697,True,bird:0.9964;frog:0.0010;dog:0.0006
6321,ship,ship,0.7381425499916077,True,ship:0.7381;automobile:0.1794;truck:0.0335
2412,frog,frog,0.8997377753257751,True,frog:0.8997;dog:0.0290;cat:0.0262
3649,cat,cat,0.9120635986328125,True,cat:0.9121;dog:0.0190;horse:0.0178
8489,automobile,truck,0.7867058515548706,False,truck:0.7867;automobile:0.2004;bird:0.0041
8711,deer,deer,0.9906921982765198,True,deer:0.9907;horse:0.0058;bird:0.0012
4937,airplane,airplane,0.82623690366745,True,airplane:0.8262;bird:0.1513;ship:0.0098
6026,cat,cat,0.8238251805305481,True,cat:0.8238;dog:0.1095;frog:0.0237
4006,ship,ship,0.9954061508178711,True,ship:0.9954;airplane:0.0011;truck:0.0010
8644,ship,ship,0.9240939617156982,True,ship:0.9241;truck:0.0290;horse:0.0143
4523,deer,deer,0.9916478395462036,True,deer:0.9916;dog:0.0039;horse:0.0034
9637,dog,dog,0.4770827889442444,True,dog:0.4771;cat:0.2207;frog:0.1642
7428,airplane,airplane,0.726463258266449,True,airplane:0.7265;bird:0.1021;automobile:0.0728
6512,bird,bird,0.9778117537498474,True,bird:0.9778;frog:0.0083;deer:0.0036
4763,airplane,airplane,0.9674460887908936,True,airplane:0.9674;bird:0.0168;ship:0.0094
4555,dog,dog,0.2037860006093979,True,dog:0.2038;deer:0.1783;bird:0.1578
5200,cat,bird,0.7974048256874084,False,bird:0.7974;dog:0.0860;horse:0.0457
6646,dog,cat,0.8452785015106201,False,cat:0.8453;dog:0.0893;horse:0.0209
5495,deer,deer,0.9971586465835571,True,deer:0.9972;horse:0.0019;bird:0.0004
8212,dog,dog,0.9298886060714722,True,dog:0.9299;frog:0.0261;bird:0.0134
6,automobile,automobile,0.9567566514015198,True,automobile:0.9568;truck:0.0262;ship:0.0077
8962,dog,dog,0.9710332751274109,True,dog:0.9710;horse:0.0081;bird:0.0069
7158,horse,horse,0.9985338449478149,True,horse:0.9985;bird:0.0004;dog:0.0002
2894,frog,frog,0.39570674300193787,True,frog:0.3957;truck:0.1242;ship:0.1219
5890,cat,cat,0.38101354241371155,True,cat:0.3810;dog:0.2251;bird:0.1439
7406,horse,horse,0.9832547903060913,True,horse:0.9833;deer:0.0068;bird:0.0040
5661,deer,deer,0.960240364074707,True,deer:0.9602;horse:0.0384;dog:0.0006
4650,frog,frog,0.35583704710006714,True,frog:0.3558;bird:0.3001;dog:0.1092
580,deer,deer,0.9872161746025085,True,deer:0.9872;horse:0.0057;bird:0.0040
4427,bird,bird,0.9867145419120789,True,bird:0.9867;airplane:0.0030;frog:0.0025
7941,dog,deer,0.8758881092071533,False,deer:0.8759;dog:0.0847;horse:0.0177
2325,horse,horse,0.9887790679931641,True,horse:0.9888;deer:0.0071;bird:0.0016
5388,frog,bird,0.3182125389575958,False,bird:0.3182;frog:0.2217;dog:0.1658
7556,bird,bird,0.8554985523223877,True,bird:0.8555;dog:0.0427;airplane:0.0338
7799,truck,truck,0.8899983167648315,True,truck:0.8900;automobile:0.0896;horse:0.0083
8404,bird,bird,0.9960716962814331,True,bird:0.9961;airplane:0.0013;deer:0.0006
2630,bird,bird,0.9945135116577148,True,bird:0.9945;frog:0.0016;airplane:0.0009
7075,truck,truck,0.8696095943450928,True,truck:0.8696;automobile:0.0549;horse:0.0221
1774,dog,dog,0.9567990303039551,True,dog:0.9568;horse:0.0147;bird:0.0063
9245,automobile,automobile,0.9392586350440979,True,automobile:0.9393;truck:0.0416;bird:0.0066
3396,airplane,airplane,0.5100905299186707,True,airplane:0.5101;bird:0.3851;ship:0.0344
6205,automobile,automobile,0.9649672508239746,True,automobile:0.9650;truck:0.0192;frog:0.0046
2288,dog,dog,0.931868314743042,True,dog:0.9319;frog:0.0377;horse:0.0085
4636,ship,ship,0.8919652700424194,True,ship:0.8920;automobile:0.0335;bird:0.0171
8559,automobile,automobile,0.8436764478683472,True,automobile:0.8437;dog:0.0476;frog:0.0383
8108,dog,dog,0.9576297998428345,True,dog:0.9576;frog:0.0134;bird:0.0103
8751,automobile,automobile,0.8628650903701782,True,automobile:0.8629;truck:0.1167;ship:0.0069
6605,frog,frog,0.9640215635299683,True,frog:0.9640;bird:0.0329;cat:0.0007
4480,truck,truck,0.7095456719398499,True,truck:0.7095;automobile:0.2201;ship:0.0181
2590,dog,dog,0.8794187307357788,True,dog:0.8794;bird:0.0305;horse:0.0226
2021,ship,ship,0.6619957685470581,True,ship:0.6620;automobile:0.2330;airplane:0.0365
3645,automobile,truck,0.5586209893226624,False,truck:0.5586;automobile:0.4225;ship:0.0050
2981,deer,deer,0.9882805347442627,True,deer:0.9883;horse:0.0048;dog:0.0032
3673,bird,deer,0.6258807182312012,False,deer:0.6259;bird:0.0852;cat:0.0746
7513,airplane,airplane,0.9610708355903625,True,airplane:0.9611;bird:0.0191;ship:0.0093
877,bird,bird,0.9891827702522278,True,bird:0.9892;dog:0.0032;horse:0.0023
3778,horse,horse,0.7320722937583923,True,horse:0.7321;deer:0.2592;dog:0.0037
9184,horse,horse,0.4441421926021576,True,horse:0.4441;deer:0.4333;dog:0.1095
7148,airplane,airplane,0.9380010366439819,True,airplane:0.9380;bird:0.0521;ship:0.0044
1830,cat,cat,0.9151818156242371,True,cat:0.9152;bird:0.0310;frog:0.0163
7331,dog,dog,0.5494817495346069,True,dog:0.5495;cat:0.1671;horse:0.1668
5120,truck,truck,0.9809755086898804,True,truck:0.9810;automobile:0.0102;ship:0.0033
4859,frog,frog,0.49215731024742126,True,frog:0.4922;bird:0.3293;ship:0.0534
8426,truck,truck,0.9915637969970703,True,truck:0.9916;automobile:0.0066;ship:0.0006
4308,airplane,airplane,0.8775836229324341,True,airplane:0.8776;bird:0.1035;ship:0.0098
7626,automobile,truck,0.7503877282142639,False,truck:0.7504;automobile:0.2324;ship:0.0052
2275,frog,deer,0.9113522171974182,False,deer:0.9114;frog:0.0330;cat:0.0255
8480,bird,bird,0.9524179697036743,True,bird:0.9524;frog:0.0240;deer:0.0044
4525,airplane,airplane,0.6393652558326721,True,airplane:0.6394;bird:0.1526;ship:0.0834
2563,bird,bird,0.9939221143722534,True,bird:0.9939;airplane:0.0034;frog:0.0008
9412,ship,ship,0.9920086860656738,True,ship:0.9920;bird:0.0030;airplane:0.0012
6020,frog,frog,0.5632999539375305,True,frog:0.5633;deer:0.1365;horse:0.1253
8101,ship,ship,0.893462061882019,True,ship:0.8935;airplane:0.0341;automobile:0.0270
2076,cat,cat,0.855161726474762,True,cat:0.8552;dog:0.0892;deer:0.0286
2545,deer,deer,0.7493247985839844,True,deer:0.7493;dog:0.1171;horse:0.1098
4128,automobile,automobile,0.9254522323608398,True,automobile:0.9255;truck:0.0509;bird:0.0083
3548,airplane,airplane,0.8532881140708923,True,airplane:0.8533;bird:0.0904;ship:0.0164
1156,automobile,automobile,0.8985131978988647,True,automobile:0.8985;truck:0.0826;deer:0.0083
6998,ship,ship,0.8072422742843628,True,ship:0.8072;bird:0.0530;airplane:0.0290
4375,cat,cat,0.7101870179176331,True,cat:0.7102;bird:0.1117;frog:0.0722
5807,frog,bird,0.5291478037834167,False,bird:0.5291;frog:0.1763;deer:0.1528
9302,cat,dog,0.24603988230228424,False,dog:0.2460;bird:0.1635;horse:0.1403
4997,cat,cat,0.868133008480072,True,cat:0.8681;dog:0.0572;bird:0.0347
711,ship,ship,0.9129766225814819,True,ship:0.9130;airplane:0.0296;bird:0.0283
324,deer,horse,0.6435830593109131,False,horse:0.6436;deer:0.1683;dog:0.0809
9499,airplane,airplane,0.6063506603240967,True,airplane:0.6064;bird:0.1218;horse:0.0903
3938,ship,ship,0.9913359880447388,True,ship:0.9913;truck:0.0045;bird:0.0011
5596,truck,truck,0.984486997127533,True,truck:0.9845;automobile:0.0101;horse:0.0017
2974,truck,truck,0.6385804414749146,True,truck:0.6386;automobile:0.2541;horse:0.0414
8625,dog,dog,0.8352498412132263,True,dog:0.8352;horse:0.0561;deer:0.0316
9128,deer,deer,0.9993917942047119,True,deer:0.9994;bird:0.0002;truck:0.0001
1490,ship,ship,0.997771680355072,True,ship:0.9978;automobile:0.0005;bird:0.0005
7183,frog,dog,0.22875572741031647,False,dog:0.2288;horse:0.1689;frog:0.1581
1544,deer,deer,0.9633474349975586,True,deer:0.9633;horse:0.0334;bird:0.0011
82,automobile,automobile,0.9722663164138794,True,automobile:0.9723;truck:0.0117;bird:0.0053
5293,airplane,airplane,0.9224470257759094,True,airplane:0.9224;ship:0.0354;bird:0.0282
287,airplane,airplane,0.8909988403320312,True,airplane:0.8910;bird:0.0749;ship:0.0205
2437,ship,ship,0.9874492883682251,True,ship:0.9874;bird:0.0035;horse:0.0035
2016,frog,frog,0.4061337411403656,True,frog:0.4061;deer:0.2597;bird:0.1060
3037,ship,ship,0.9783383011817932,True,ship:0.9783;bird:0.0093;airplane:0.0049
7272,automobile,automobile,0.9812450408935547,True,automobile:0.9812;truck:0.0102;bird:0.0019
7632,airplane,airplane,0.5677228569984436,True,airplane:0.5677;bird:0.2522;dog:0.0476
7497,cat,dog,0.5663655400276184,False,dog:0.5664;cat:0.3564;horse:0.0345
7593,frog,frog,0.9844447374343872,True,frog:0.9844;bird:0.0075;dog:0.0044
278,deer,horse,0.687046229839325,False,horse:0.6870;deer:0.2951;bird:0.0065
2511,ship,airplane,0.48589572310447693,False,airplane:0.4859;truck:0.2188;automobile:0.1700
7314,cat,dog,0.23453611135482788,False,dog:0.2345;cat:0.1870;horse:0.1480
3628,cat,dog,0.7386780381202698,False,dog:0.7387;horse:0.1567;deer:0.0573
5436,frog,frog,0.574965238571167,True,frog:0.5750;bird:0.2032;dog:0.0764
5476,frog,frog,0.39563366770744324,True,frog:0.3956;bird:0.1413;deer:0.1309
5791,ship,ship,0.9537468552589417,True,ship:0.9537;truck:0.0190;automobile:0.0151
7657,bird,horse,0.6681505441665649,False,horse:0.6682;dog:0.2299;cat:0.0281
5451,frog,frog,0.7990966439247131,True,frog:0.7991;deer:0.0733;bird:0.0495
8882,cat,cat,0.36510583758354187,True,cat:0.3651;dog:0.2391;bird:0.1285
9708,truck,truck,0.8490709662437439,True,truck:0.8491;automobile:0.0602;ship:0.0331
2658,horse,horse,0.9970806241035461,True,horse:0.9971;deer:0.0007;bird:0.0006
8534,frog,frog,0.4628608226776123,True,frog:0.4629;bird:0.1491;horse:0.1106
6335,bird,bird,0.9872708916664124,True,bird:0.9873;frog:0.0065;airplane:0.0014
7571,deer,deer,0.7918359637260437,True,deer:0.7918;dog:0.1001;horse:0.0734
9467,bird,deer,0.6428572535514832,False,deer:0.6429;horse:0.2839;bird:0.0445
4005,dog,dog,0.899467945098877,True,dog:0.8995;horse:0.0482;cat:0.0306
5202,truck,truck,0.98978590965271,True,truck:0.9898;automobile:0.0068;horse:0.0012
3805,truck,truck,0.8421884775161743,True,truck:0.8422;automobile:0.0681;ship:0.0311
3314,truck,truck,0.9852531552314758,True,truck:0.9853;automobile:0.0096;ship:0.0019
9103,horse,deer,0.4412757456302643,False,deer:0.4413;cat:0.3282;dog:0.1379
8343,cat,dog,0.6085002422332764,False,dog:0.6085;cat:0.3462;horse:0.0148
2956,airplane,airplane,0.8250795006752014,True,airplane:0.8251;bird:0.1003;ship:0.0371
2618,dog,dog,0.9718782901763916,True,dog:0.9719;bird:0.0067;horse:0.0065
2732,horse,horse,0.995521068572998,True,horse:0.9955;bird:0.0012;airplane:0.0007
1363,automobile,automobile,0.9753774404525757,True,automobile:0.9754;truck:0.0118;bird:0.0064
3332,horse,horse,0.9975616931915283,True,horse:0.9976;deer:0.0007;bird:0.0004
7821,bird,bird,0.9324452877044678,True,bird:0.9324;airplane:0.0186;frog:0.0174
7662,dog,dog,0.9813442230224609,True,dog:0.9813;bird:0.0041;frog:0.0037
7804,dog,dog,0.9446415901184082,True,dog:0.9446;horse:0.0149;bird:0.0144
8089,truck,truck,0.9870526194572449,True,truck:0.9871;automobile:0.0075;horse:0.0023
6235,frog,frog,0.8137746453285217,True,frog:0.8138;deer:0.0949;dog:0.0375
2798,cat,dog,0.6399868130683899,False,dog:0.6400;horse:0.2597;deer:0.0271
3714,cat,cat,0.9025976657867432,True,cat:0.9026;bird:0.0274;horse:0.0223
3003,bird,bird,0.9966046810150146,True,bird:0.9966;airplane:0.0014;automobile:0.0005
6264,frog,frog,0.7744463682174683,True,frog:0.7744;bird:0.1321;deer:0.0417
7048,bird,bird,0.9148961901664734,True,bird:0.9149;airplane:0.0208;horse:0.0146
6505,deer,deer,0.6949899792671204,True,deer:0.6950;frog:0.0807;bird:0.0806
3005,airplane,airplane,0.936156153678894,True,airplane:0.9362;bird:0.0490;ship:0.0044
7748,airplane,airplane,0.9695667624473572,True,airplane:0.9696;bird:0.0270;ship:0.0010
7484,automobile,automobile,0.9484302997589111,True,automobile:0.9484;truck:0.0408;bird:0.0050
5471,frog,frog,0.5962834358215332,True,frog:0.5963;deer:0.2699;dog:0.0817
11,truck,truck,0.9343274831771851,True,truck:0.9343;automobile:0.0445;horse:0.0073
710,frog,frog,0.9235974550247192,True,frog:0.9236;bird:0.0641;airplane:0.0045
1250,horse,horse,0.9945958256721497,True,horse:0.9946;bird:0.0017;deer:0.0011
5189,airplane,airplane,0.9567736983299255,True,airplane:0.9568;bird:0.0300;ship:0.0046
7718,airplane,airplane,0.9403160214424133,True,airplane:0.9403;bird:0.0204;ship:0.0192
8695,deer,deer,0.9979875087738037,True,deer:0.9980;horse:0.0012;bird:0.0004
9278,horse,horse,0.8444846272468567,True,horse:0.8445;deer:0.1469;dog:0.0034
9717,truck,truck,0.8875815868377686,True,truck:0.8876;automobile:0.0762;horse:0.0088
1764,dog,bird,0.7679793238639832,False,bird:0.7680;dog:0.2037;horse:0.0062
2365,horse,horse,0.9956052899360657,True,horse:0.9956;deer:0.0015;bird:0.0010
9768,horse,horse,0.9963001608848572,True,horse:0.9963;dog:0.0015;bird:0.0006
5230,ship,ship,0.9275134801864624,True,ship:0.9275;truck:0.0206;airplane:0.0134
6135,cat,deer,0.5364429950714111,False,deer:0.5364;cat:0.1896;bird:0.1557
2796,horse,horse,0.9874619841575623,True,horse:0.9875;dog:0.0044;deer:0.0021
6715,bird,bird,0.31542447209358215,True,bird:0.3154;frog:0.2218;deer:0.2060
9396,dog,dog,0.9654253721237183,True,dog:0.9654;horse:0.0150;bird:0.0050
8994,ship,ship,0.9919935464859009,True,ship:0.9920;truck:0.0025;airplane:0.0015
7683,airplane,airplane,0.7949491739273071,True,airplane:0.7949;bird:0.1471;frog:0.0168
2754,truck,truck,0.9074856638908386,True,truck:0.9075;automobile:0.0483;bird:0.0130
1357,truck,truck,0.9868804216384888,True,truck:0.9869;automobile:0.0087;bird:0.0013
3026,dog,dog,0.8137402534484863,True,dog:0.8137;horse:0.1496;deer:0.0227
8580,cat,cat,0.7921510338783264,True,cat:0.7922;dog:0.0955;horse:0.0448
8550,automobile,truck,0.6901457905769348,False,truck:0.6901;automobile:0.3052;bird:0.0016
6543,frog,frog,0.4565050005912781,True,frog:0.4565;ship:0.1521;horse:0.1065
319,dog,dog,0.9273237586021423,True,dog:0.9273;frog:0.0377;bird:0.0069
2423,bird,bird,0.3493838906288147,True,bird:0.3494;dog:0.2966;cat:0.1624
7071,automobile,truck,0.8917765021324158,False,truck:0.8918;automobile:0.1046;bird:0.0014
1972,frog,frog,0.6298874616622925,True,frog:0.6299;bird:0.3214;cat:0.0134
7886,horse,horse,0.9978821873664856,True,horse:0.9979;bird:0.0006;dog:0.0004
1736,dog,dog,0.6117531061172485,True,dog:0.6118;frog:0.1848;horse:0.0677
3217,horse,horse,0.9982061386108398,True,horse:0.9982;deer:0.0007;dog:0.0003
1866,ship,ship,0.9968892931938171,True,ship:0.9969;bird:0.0008;automobile:0.0006
6768,bird,bird,0.5995507836341858,True,bird:0.5996;horse:0.0983;frog:0.0798
5935,frog,frog,0.7078657150268555,True,frog:0.7079;bird:0.1119;deer:0.0700
5736,truck,truck,0.5561733245849609,True,truck:0.5562;automobile:0.1388;ship:0.1214
7698,airplane,airplane,0.9732947945594788,True,airplane:0.9733;bird:0.0191;ship:0.0033
8868,deer,deer,0.4981890022754669,True,deer:0.4982;horse:0.4243;bird:0.0316
179,airplane,airplane,0.6495451927185059,True,airplane:0.6495;ship:0.1808;bird:0.0540
1821,deer,deer,0.9857688546180725,True,deer:0.9858;horse:0.0100;dog:0.0016
3458,dog,dog,0.36281657218933105,True,dog:0.3628;bird:0.2339;frog:0.2005
1145,deer,deer,0.9304713606834412,True,deer:0.9305;dog:0.0373;horse:0.0105
4975,cat,cat,0.8598676323890686,True,cat:0.8599;dog:0.0681;bird:0.0348
6418,airplane,airplane,0.9032373428344727,True,airplane:0.9032;bird:0.0746;ship:0.0092
3694,bird,bird,0.45235487818717957,True,bird:0.4524;horse:0.2243;deer:0.1323
5989,ship,ship,0.9864582419395447,True,ship:0.9865;airplane:0.0050;automobile:0.0044
916,cat,dog,0.5245802402496338,False,dog:0.5246;horse:0.3058;cat:0.1002
6379,ship,ship,0.9720268249511719,True,ship:0.9720;airplane:0.0114;automobile:0.0037
3411,dog,dog,0.9589278697967529,True,dog:0.9589;frog:0.0123;cat:0.0086
7538,dog,dog,0.9464226961135864,True,dog:0.9464;horse:0.0180;deer:0.0121
8646,bird,horse,0.7376530766487122,False,horse:0.7377;deer:0.0741;dog:0.0628
1975,frog,frog,0.9810851812362671,True,frog:0.9811;bird:0.0102;ship:0.0014
4150,frog,bird,0.2733704745769501,False,bird:0.2734;horse:0.1916;frog:0.1635
3453,bird,bird,0.9874150156974792,True,bird:0.9874;airplane:0.0035;frog:0.0028
6819,bird,bird,0.987497091293335,True,bird:0.9875;deer:0.0040;airplane:0.0023
1912,airplane,bird,0.5099920034408569,False,bird:0.5100;airplane:0.4709;ship:0.0041
1994,ship,ship,0.9210414886474609,True,ship:0.9210;truck:0.0487;automobile:0.0094
205,cat,cat,0.8603209853172302,True,cat:0.8603;dog:0.0449;bird:0.0356
7938,bird,bird,0.9562740325927734,True,bird:0.9563;frog:0.0174;horse:0.0056
2878,cat,cat,0.8765488862991333,True,cat:0.8765;dog:0.0486;bird:0.0448
3410,deer,deer,0.9395135045051575,True,deer:0.9395;horse:0.0585;bird:0.0011
2451,ship,ship,0.9754848480224609,True,ship:0.9755;automobile:0.0059;bird:0.0054
8295,cat,cat,0.8309235572814941,True,cat:0.8309;frog:0.0479;dog:0.0468
4214,horse,horse,0.9964842796325684,True,horse:0.9965;deer:0.0013;bird:0.0008
1180,cat,dog,0.6774614453315735,False,dog:0.6775;cat:0.2697;bird:0.0205
2230,cat,cat,0.9187431335449219,True,cat:0.9187;dog:0.0332;frog:0.0131
5997,airplane,airplane,0.8871447443962097,True,airplane:0.8871;bird:0.0388;automobile:0.0203
3592,horse,horse,0.9968511462211609,True,horse:0.9969;bird:0.0006;dog:0.0005
5587,airplane,airplane,0.9571186304092407,True,airplane:0.9571;bird:0.0208;ship:0.0089
7535,automobile,automobile,0.8937916159629822,True,automobile:0.8938;truck:0.0769;deer:0.0131
8878,ship,ship,0.9292153716087341,True,ship:0.9292;airplane:0.0244;bird:0.0108
1974,frog,frog,0.8958225846290588,True,frog:0.8958;bird:0.0426;dog:0.0191
5923,airplane,airplane,0.9672049283981323,True,airplane:0.9672;bird:0.0159;automobile:0.0095
5622,automobile,automobile,0.9779556393623352,True,automobile:0.9780;truck:0.0154;deer:0.0020
4989,frog,frog,0.8982676267623901,True,frog:0.8983;bird:0.0659;deer:0.0166
6254,deer,deer,0.9361184239387512,True,deer:0.9361;horse:0.0505;dog:0.0081
4422,cat,ship,0.28289082646369934,False,ship:0.2829;bird:0.1363;automobile:0.1278
390,automobile,automobile,0.9352105855941772,True,automobile:0.9352;truck:0.0259;bird:0.0110
3265,ship,ship,0.9735091924667358,True,ship:0.9735;truck:0.0153;bird:0.0029
2696,bird,dog,0.5959658622741699,False,dog:0.5960;bird:0.1484;deer:0.0939
6602,ship,ship,0.9890491962432861,True,ship:0.9890;truck:0.0043;bird:0.0018
7501,truck,truck,0.9526944756507874,True,truck:0.9527;automobile:0.0248;ship:0.0071
84,bird,dog,0.3598056435585022,False,dog:0.3598;bird:0.2427;horse:0.2020
9626,automobile,automobile,0.9014804363250732,True,automobile:0.9015;truck:0.0514;bird:0.0151
4869,ship,ship,0.9831494688987732,True,ship:0.9831;airplane:0.0058;automobile:0.0030
9974,automobile,automobile,0.8124834299087524,True,automobile:0.8125;truck:0.1708;ship:0.0077
2092,automobile,automobile,0.9000824093818665,True,automobile:0.9001;truck:0.0863;bird:0.0034
5328,airplane,cat,0.49466007947921753,False,cat:0.4947;dog:0.1500;bird:0.1350
7822,bird,bird,0.9033436179161072,True,bird:0.9033;frog:0.0623;deer:0.0111
7549,cat,dog,0.6211697459220886,False,dog:0.6212;cat:0.2635;bird:0.0374
5833,cat,cat,0.5893405079841614,True,cat:0.5893;dog:0.1444;bird:0.1267
601,dog,dog,0.9277940392494202,True,dog:0.9278;horse:0.0220;cat:0.0176
6304,airplane,airplane,0.8218910694122314,True,airplane:0.8219;bird:0.1756;ship:0.0011
5008,deer,deer,0.996146559715271,True,deer:0.9961;horse:0.0013;bird:0.0011
3502,ship,ship,0.9945240020751953,True,ship:0.9945;truck:0.0014;bird:0.0012
110,deer,deer,0.6432925462722778,True,deer:0.6433;horse:0.3455;dog:0.0064
641,cat,bird,0.29236847162246704,False,bird:0.2924;deer:0.1619;horse:0.1305
4771,airplane,airplane,0.9028903245925903,True,airplane:0.9029;bird:0.0510;automobile:0.0179
6183,dog,cat,0.7450076937675476,False,cat:0.7450;dog:0.1658;horse:0.0280
5205,ship,ship,0.9684541821479797,True,ship:0.9685;horse:0.0053;deer:0.0046
3834,ship,ship,0.9731378555297852,True,ship:0.9731;bird:0.0070;truck:0.0067
4023,deer,deer,0.9609061479568481,True,deer:0.9609;horse:0.0194;bird:0.0074
2178,cat,cat,0.8974776864051819,True,cat:0.8975;dog:0.0493;bird:0.0228
6007,frog,frog,0.9852853417396545,True,frog:0.9853;bird:0.0109;deer:0.0013
5915,dog,dog,0.9370620846748352,True,dog:0.9371;horse:0.0136;cat:0.0134
9151,airplane,airplane,0.9234313368797302,True,airplane:0.9234;bird:0.0438;ship:0.0149
528,deer,deer,0.9953148365020752,True,deer:0.9953;horse:0.0023;bird:0.0007
1120,dog,dog,0.7564103603363037,True,dog:0.7564;deer:0.1601;horse:0.0446
634,horse,horse,0.990969717502594,True,horse:0.9910;deer:0.0071;dog:0.0006
5714,bird,bird,0.9794142842292786,True,bird:0.9794;airplane:0.0069;frog:0.0063
2065,bird,bird,0.4229753911495209,True,bird:0.4230;deer:0.2708;horse:0.1465
8578,bird,bird,0.9766651391983032,True,bird:0.9767;frog:0.0078;horse:0.0038
8608,ship,ship,0.9552194476127625,True,ship:0.9552;airplane:0.0344;bird:0.0037
1711,automobile,truck,0.5115780830383301,False,truck:0.5116;automobile:0.4708;deer:0.0066
3496,dog,dog,0.8569977879524231,True,dog:0.8570;horse:0.0745;deer:0.0231
1326,frog,frog,0.4522559940814972,True,frog:0.4523;ship:0.2456;bird:0.0892
4815,truck,truck,0.9845788478851318,True,truck:0.9846;automobile:0.0113;bird:0.0014
3412,airplane,airplane,0.4912136197090149,True,airplane:0.4912;bird:0.4645;ship:0.0157
8619,dog,dog,0.9375033974647522,True,dog:0.9375;bird:0.0199;horse:0.0141
3939,truck,truck,0.8496478199958801,True,truck:0.8496;ship:0.0518;automobile:0.0512
1096,horse,horse,0.9942657351493835,True,horse:0.9943;deer:0.0037;dog:0.0006
5723,automobile,automobile,0.9183440208435059,True,automobile:0.9183;truck:0.0745;bird:0.0017
8009,dog,dog,0.9508177638053894,True,dog:0.9508;horse:0.0284;deer:0.0050
2525,dog,dog,0.8517453074455261,True,dog:0.8517;frog:0.0403;cat:0.0251
4217,airplane,airplane,0.8770943880081177,True,airplane:0.8771;ship:0.0606;bird:0.0454
7758,horse,horse,0.9984548091888428,True,horse:0.9985;deer:0.0004;bird:0.0004
1701,dog,dog,0.8931041955947876,True,dog:0.8931;cat:0.0341;horse:0.0239
5210,dog,dog,0.8007309436798096,True,dog:0.8007;cat:0.1112;frog:0.0211
334,frog,frog,0.8475010991096497,True,frog:0.8475;bird:0.0691;deer:0.0343
2552,truck,truck,0.8470063805580139,True,truck:0.8470;automobile:0.0836;horse:0.0265
2966,airplane,airplane,0.5961998701095581,True,airplane:0.5962;ship:0.1605;bird:0.1291
8652,truck,truck,0.9925272464752197,True,truck:0.9925;automobile:0.0044;horse:0.0009
8168,frog,frog,0.3101986050605774,True,frog:0.3102;ship:0.1610;bird:0.1356
4236,automobile,automobile,0.8073647022247314,True,automobile:0.8074;truck:0.1578;deer:0.0089
7371,frog,frog,0.8806776404380798,True,frog:0.8807;bird:0.0403;deer:0.0401
7741,dog,dog,0.542215883731842,True,dog:0.5422;horse:0.2261;deer:0.0809
6467,cat,horse,0.39985302090644836,False,horse:0.3999;deer:0.3536;dog:0.1421
3205,ship,ship,0.9903252124786377,True,ship:0.9903;truck:0.0024;bird:0.0024
3223,horse,horse,0.9977195858955383,True,horse:0.9977;deer:0.0010;dog:0.0004
5034,ship,ship,0.4192263185977936,True,ship:0.4192;airplane:0.1167;bird:0.1031
4746,frog,frog,0.6232489347457886,True,frog:0.6232;bird:0.0866;horse:0.0771
9382,truck,truck,0.9018345475196838,True,truck:0.9018;automobile:0.0671;airplane:0.0091
4854,airplane,airplane,0.9815924763679504,True,airplane:0.9816;bird:0.0094;ship:0.0042
9395,horse,horse,0.9975152015686035,True,horse:0.9975;deer:0.0006;bird:0.0005
836,automobile,automobile,0.7132468819618225,True,automobile:0.7132;truck:0.2356;frog:0.0107
6885,airplane,airplane,0.4926469624042511,True,airplane:0.4926;bird:0.2289;ship:0.1883
2599,frog,frog,0.43565869331359863,True,frog:0.4357;bird:0.2380;cat:0.1221
8747,bird,bird,0.998250424861908,True,bird:0.9983;airplane:0.0003;truck:0.0003
4063,horse,horse,0.9931542873382568,True,horse:0.9932;deer:0.0036;bird:0.0009
5756,deer,deer,0.9973909854888916,True,deer:0.9974;horse:0.0012;bird:0.0007
1312,frog,frog,0.8394906520843506,True,frog:0.8395;deer:0.0769;bird:0.0325
1748,airplane,airplane,0.898013174533844,True,airplane:0.8980;bird:0.0859;ship:0.0041
3949,dog,dog,0.9499039053916931,True,dog:0.9499;horse:0.0160;bird:0.0102
6283,cat,cat,0.5795701742172241,True,cat:0.5796;dog:0.3239;frog:0.0271
3229,truck,truck,0.9677146077156067,True,truck:0.9677;automobile:0.0251;bird:0.0024
1768,bird,bird,0.9947224855422974,True,bird:0.9947;airplane:0.0020;frog:0.0007
9198,cat,cat,0.8906664252281189,True,cat:0.8907;dog:0.0594;frog:0.0152
5379,deer,deer,0.997205913066864,True,deer:0.9972;bird:0.0012;horse:0.0008
7534,frog,frog,0.9608362913131714,True,frog:0.9608;deer:0.0195;bird:0.0111
9730,frog,cat,0.6122761368751526,False,cat:0.6123;dog:0.1683;frog:0.0766
6305,frog,frog,0.4467359185218811,True,frog:0.4467;horse:0.1718;deer:0.1109
3871,ship,ship,0.9531846046447754,True,ship:0.9532;bird:0.0130;automobile:0.0088
2122,airplane,airplane,0.9039616584777832,True,airplane:0.9040;bird:0.0591;ship:0.0188
882,cat,cat,0.7281164526939392,True,cat:0.7281;dog:0.1454;frog:0.0733
2430,horse,horse,0.9910587668418884,True,horse:0.9911;deer:0.0061;bird:0.0008
5127,automobile,automobile,0.8809540867805481,True,automobile:0.8810;truck:0.0994;bird:0.0070
3915,deer,deer,0.9251700043678284,True,deer:0.9252;horse:0.0551;bird:0.0060
3797,frog,horse,0.36866533756256104,False,horse:0.3687;dog:0.2300;frog:0.1145
8599,deer,deer,0.886970043182373,True,deer:0.8870;horse:0.1090;dog:0.0017
8104,horse,horse,0.8691600561141968,True,horse:0.8692;deer:0.1211;bird:0.0048
227,deer,deer,0.9978542923927307,True,deer:0.9979;horse:0.0010;bird:0.0004
7526,truck,truck,0.9000508189201355,True,truck:0.9001;automobile:0.0485;ship:0.0240
3524,dog,deer,0.9911699295043945,False,deer:0.9912;horse:0.0055;dog:0.0023
1806,automobile,truck,0.7795754075050354,False,truck:0.7796;automobile:0.2116;bird:0.0021
1342,horse,horse,0.9919751286506653,True,horse:0.9920;deer:0.0066;bird:0.0005
1761,automobile,automobile,0.9608205556869507,True,automobile:0.9608;truck:0.0153;bird:0.0098
95,frog,frog,0.4947294592857361,True,frog:0.4947;deer:0.3111;horse:0.0930
8875,ship,ship,0.9854618310928345,True,ship:0.9855;truck:0.0054;automobile:0.0028
3196,horse,horse,0.9964195489883423,True,horse:0.9964;deer:0.0010;bird:0.0009
8041,ship,ship,0.9962252378463745,True,ship:0.9962;bird:0.0013;automobile:0.0008
8429,deer,deer,0.5732556581497192,True,deer:0.5733;horse:0.3829;bird:0.0272
6193,truck,truck,0.7385233640670776,True,truck:0.7385;automobile:0.1459;ship:0.0477
1459,ship,ship,0.9774760007858276,True,ship:0.9775;truck:0.0064;airplane:0.0046
1595,cat,cat,0.6895055174827576,True,cat:0.6895;dog:0.1168;deer:0.0729
6695,deer,frog,0.26428812742233276,False,frog:0.2643;deer:0.1814;bird:0.1450
4795,dog,dog,0.5581489205360413,True,dog:0.5581;cat:0.2515;frog:0.0613
9336,cat,cat,0.8856937289237976,True,cat:0.8857;dog:0.0474;bird:0.0195
3358,truck,truck,0.9589995741844177,True,truck:0.9590;automobile:0.0210;horse:0.0043
2971,deer,deer,0.9977424144744873,True,deer:0.9977;horse:0.0012;bird:0.0005
6161,deer,deer,0.563552975654602,True,deer:0.5636;horse:0.3609;bird:0.0553
7843,airplane,airplane,0.5219712853431702,True,airplane:0.5220;bird:0.2626;frog:0.0529
10,airplane,airplane,0.8812806010246277,True,airplane:0.8813;bird:0.0841;ship:0.0098
4282,cat,cat,0.8731817603111267,True,cat:0.8732;dog:0.0584;horse:0.0239
8268,dog,dog,0.6952773928642273,True,dog:0.6953;deer:0.1473;horse:0.0918
6820,automobile,automobile,0.9162353873252869,True,automobile:0.9162;truck:0.0661;bird:0.0064
9021,airplane,airplane,0.7122717499732971,True,airplane:0.7123;frog:0.1455;bird:0.0780
4530,dog,dog,0.7793952822685242,True,dog:0.7794;cat:0.0702;frog:0.0614
4583,horse,horse,0.9964948296546936,True,horse:0.9965;deer:0.0012;dog:0.0010
3829,ship,ship,0.945013701915741,True,ship:0.9450;airplane:0.0244;bird:0.0108
2327,automobile,automobile,0.7844677567481995,True,automobile:0.7845;truck:0.1550;bird:0.0198
4483,bird,bird,0.9919821619987488,True,bird:0.9920;frog:0.0027;airplane:0.0015
821,bird,bird,0.9611886739730835,True,bird:0.9612;horse:0.0133;deer:0.0129
4297,truck,truck,0.9889344573020935,True,truck:0.9889;automobile:0.0069;bird:0.0016
1072,airplane,airplane,0.9647000432014465,True,airplane:0.9647;bird:0.0261;ship:0.0035
1537,deer,deer,0.9373649954795837,True,deer:0.9374;horse:0.0609;bird:0.0006
7337,frog,frog,0.9947689771652222,True,frog:0.9948;bird:0.0044;dog:0.0002
6466,ship,bird,0.37464654445648193,False,bird:0.3746;ship:0.1885;horse:0.0732
8938,automobile,automobile,0.6814385652542114,True,automobile:0.6814;truck:0.2778;ship:0.0312
8880,automobile,automobile,0.9110093712806702,True,automobile:0.9110;truck:0.0695;bird:0.0050
7542,ship,ship,0.6476825475692749,True,ship:0.6477;truck:0.1735;automobile:0.1453
3660,airplane,airplane,0.963945209980011,True,airplane:0.9639;bird:0.0266;ship:0.0041
6446,deer,deer,0.9521034955978394,True,deer:0.9521;horse:0.0271;dog:0.0133
6021,cat,cat,0.47547778487205505,True,cat:0.4755;dog:0.4176;bird:0.0391
5529,cat,truck,0.1771911233663559,False,truck:0.1772;dog:0.1733;horse:0.1327
4500,cat,cat,0.9310282468795776,True,cat:0.9310;dog:0.0189;bird:0.0137
106,cat,cat,0.8405629396438599,True,cat:0.8406;dog:0.0744;bird:0.0448
586,cat,frog,0.293042927980423,False,frog:0.2930;dog:0.1275;cat:0.1146
2571,truck,truck,0.907011091709137,True,truck:0.9070;automobile:0.0322;ship:0.0137
9211,automobile,automobile,0.9559606313705444,True,automobile:0.9560;truck:0.0283;bird:0.0046
1872,dog,dog,0.9548961520195007,True,dog:0.9549;frog:0.0163;cat:0.0080
2672,airplane,airplane,0.8416629433631897,True,airplane:0.8417;ship:0.0869;bird:0.0490
5640,bird,deer,0.41379955410957336,False,deer:0.4138;horse:0.3225;bird:0.1755
7438,dog,dog,0.49257296323776245,True,dog:0.4926;horse:0.1637;cat:0.0852
969,truck,truck,0.9882384538650513,True,truck:0.9882;automobile:0.0075;horse:0.0010
3239,automobile,truck,0.9529416561126709,False,truck:0.9529;automobile:0.0435;bird:0.0014
4890,automobile,truck,0.7614836096763611,False,truck:0.7615;automobile:0.2161;bird:0.0093
5150,deer,deer,0.8816379904747009,True,deer:0.8816;horse:0.1169;bird:0.0007
2420,ship,ship,0.6857988238334656,True,ship:0.6858;airplane:0.0787;truck:0.0665
4603,frog,horse,0.23140297830104828,False,horse:0.2314;bird:0.2119;ship:0.1678
7876,automobile,automobile,0.9548539519309998,True,automobile:0.9549;truck:0.0211;bird:0.0085
6369,truck,truck,0.9536152482032776,True,truck:0.9536;automobile:0.0329;horse:0.0040
9349,truck,truck,0.9691421985626221,True,truck:0.9691;automobile:0.0271;horse:0.0008
5667,automobile,automobile,0.5057527422904968,True,automobile:0.5058;truck:0.4622;bird:0.0114
9899,horse,horse,0.9130179286003113,True,horse:0.9130;dog:0.0226;ship:0.0216
5074,airplane,bird,0.3650742173194885,False,bird:0.3651;airplane:0.1829;frog:0.0696
8906,deer,deer,0.8871113061904907,True,deer:0.8871;horse:0.1025;dog:0.0054
3505,deer,deer,0.9739018082618713,True,deer:0.9739;horse:0.0166;dog:0.0045
7951,bird,bird,0.9960352778434753,True,bird:0.9960;airplane:0.0011;automobile:0.0006
1037,horse,horse,0.9971165657043457,True,horse:0.9971;bird:0.0012;dog:0.0004
4607,automobile,automobile,0.8304643034934998,True,automobile:0.8305;truck:0.1553;ship:0.0051
9582,dog,horse,0.5169962644577026,False,horse:0.5170;dog:0.3196;deer:0.0645
2705,ship,ship,0.6242701411247253,True,ship:0.6243;bird:0.1475;airplane:0.1302
361,dog,dog,0.9363939166069031,True,dog:0.9364;horse:0.0211;bird:0.0124
7669,horse,deer,0.5007643103599548,False,deer:0.5008;horse:0.4806;dog:0.0132
1288,automobile,automobile,0.9223239421844482,True,automobile:0.9223;truck:0.0662;bird:0.0039
1324,deer,deer,0.9977800250053406,True,deer:0.9978;horse:0.0013;bird:0.0004
591,truck,truck,0.9738414883613586,True,truck:0.9738;automobile:0.0193;ship:0.0018
5389,deer,deer,0.5700384378433228,True,deer:0.5700;horse:0.3224;dog:0.0494
6915,automobile,automobile,0.9342038631439209,True,automobile:0.9342;truck:0.0306;bird:0.0103
4697,dog,dog,0.9202377796173096,True,dog:0.9202;horse:0.0385;frog:0.0131
7017,automobile,truck,0.7948791980743408,False,truck:0.7949;automobile:0.1888;bird:0.0032
2784,automobile,truck,0.8052036166191101,False,truck:0.8052;automobile:0.1817;bird:0.0038
7576,ship,ship,0.9791594743728638,True,ship:0.9792;truck:0.0133;bird:0.0023
1341,deer,deer,0.9438398480415344,True,deer:0.9438;horse:0.0286;bird:0.0152
377,horse,horse,0.9940541386604309,True,horse:0.9941;bird:0.0014;dog:0.0009
262,dog,dog,0.9582907557487488,True,dog:0.9583;bird:0.0126;automobile:0.0065
6357,horse,horse,0.9686157703399658,True,horse:0.9686;deer:0.0281;bird:0.0012
9330,deer,deer,0.7256813049316406,True,deer:0.7257;horse:0.1955;bird:0.0222
3677,deer,deer,0.8322609663009644,True,deer:0.8323;horse:0.0611;bird:0.0419
9653,frog,frog,0.8704060316085815,True,frog:0.8704;bird:0.0471;ship:0.0199
5645,dog,cat,0.6937458515167236,False,cat:0.6937;dog:0.1400;bird:0.0704
9465,dog,horse,0.5807903409004211,False,horse:0.5808;dog:0.3529;deer:0.0507
6137,bird,horse,0.6228010654449463,False,horse:0.6228;bird:0.2793;dog:0.0518
2014,ship,ship,0.8570972681045532,True,ship:0.8571;automobile:0.0561;airplane:0.0280
6941,deer,deer,0.9942317605018616,True,deer:0.9942;horse:0.0043;bird:0.0006
8218,truck,truck,0.18816904723644257,True,truck:0.1882;bird:0.1783;horse:0.1471
9311,dog,dog,0.9328763484954834,True,dog:0.9329;frog:0.0200;cat:0.0114
4915,dog,dog,0.5486649870872498,True,dog:0.5487;horse:0.2678;bird:0.0874
762,frog,frog,0.6111993193626404,True,frog:0.6112;bird:0.2441;cat:0.0529
4554,deer,horse,0.9269275069236755,False,horse:0.9269;deer:0.0687;bird:0.0014
9289,dog,bird,0.8463472723960876,False,bird:0.8463;frog:0.0983;dog:0.0282
7333,frog,frog,0.9062879681587219,True,frog:0.9063;dog:0.0274;cat:0.0237
1594,cat,deer,0.23222088813781738,False,deer:0.2322;horse:0.2178;ship:0.1284
9172,airplane,airplane,0.9270131587982178,True,airplane:0.9270;bird:0.0343;truck:0.0149
3478,deer,deer,0.7266021370887756,True,deer:0.7266;horse:0.0747;bird:0.0431
3997,bird,horse,0.6036859750747681,False,horse:0.6037;bird:0.1343;dog:0.0753
6382,deer,deer,0.9086543321609497,True,deer:0.9087;horse:0.0873;bird:0.0019
9559,automobile,automobile,0.7136660814285278,True,automobile:0.7137;truck:0.2517;frog:0.0146
7639,truck,truck,0.9821528792381287,True,truck:0.9822;automobile:0.0100;frog:0.0020
2756,truck,truck,0.7081785202026367,True,truck:0.7082;ship:0.1624;automobile:0.0403
3965,airplane,airplane,0.949382483959198,True,airplane:0.9494;ship:0.0204;bird:0.0157
297,airplane,airplane,0.9372014403343201,True,airplane:0.9372;bird:0.0532;ship:0.0068
8476,airplane,bird,0.18904447555541992,False,bird:0.1890;ship:0.1435;dog:0.1131
8965,deer,deer,0.791442334651947,True,deer:0.7914;horse:0.1992;dog:0.0031
1430,ship,ship,0.6846041679382324,True,ship:0.6846;truck:0.1814;automobile:0.0774
4573,deer,deer,0.9965309500694275,True,deer:0.9965;horse:0.0010;bird:0.0009
4058,horse,horse,0.9958323836326599,True,horse:0.9958;dog:0.0012;bird:0.0009
1405,automobile,automobile,0.9382724761962891,True,automobile:0.9383;truck:0.0450;bird:0.0053
6159,automobile,automobile,0.9325559139251709,True,automobile:0.9326;truck:0.0421;frog:0.0087
9511,deer,deer,0.528663158416748,True,deer:0.5287;horse:0.4670;dog:0.0013
2286,cat,cat,0.8997775316238403,True,cat:0.8998;dog:0.0363;bird:0.0338
2131,horse,horse,0.9868956208229065,True,horse:0.9869;bird:0.0033;dog:0.0027
3531,ship,ship,0.5056159496307373,True,ship:0.5056;truck:0.1896;automobile:0.0645
4913,automobile,automobile,0.8998910784721375,True,automobile:0.8999;truck:0.0927;bird:0.0021
3092,dog,dog,0.95528644323349,True,dog:0.9553;horse:0.0237;bird:0.0054
2037,dog,dog,0.9446415901184082,True,dog:0.9446;deer:0.0202;horse:0.0108
1996,cat,cat,0.8673812747001648,True,cat:0.8674;dog:0.0998;horse:0.0081
738,automobile,truck,0.7787312865257263,False,truck:0.7787;automobile:0.2138;bird:0.0026
1870,bird,bird,0.9831820726394653,True,bird:0.9832;frog:0.0096;cat:0.0024
2682,horse,horse,0.9883325695991516,True,horse:0.9883;truck:0.0029;deer:0.0024
8236,dog,dog,0.6060158610343933,True,dog:0.6060;cat:0.1651;bird:0.1051
2529,cat,cat,0.4094664752483368,True,cat:0.4095;bird:0.2054;dog:0.1201
6954,horse,horse,0.8543745279312134,True,horse:0.8544;bird:0.0415;airplane:0.0299
9563,automobile,automobile,0.8615404963493347,True,automobile:0.8615;truck:0.1194;deer:0.0064
8591,frog,frog,0.5119286775588989,True,frog:0.5119;cat:0.2761;dog:0.0889
9188,dog,dog,0.9695907235145569,True,dog:0.9696;bird:0.0093;horse:0.0086
8327,horse,horse,0.5059107542037964,True,horse:0.5059;dog:0.2648;deer:0.1394
8373,ship,ship,0.9976477026939392,True,ship:0.9976;bird:0.0008;truck:0.0005
5990,ship,ship,0.7494895458221436,True,ship:0.7495;bird:0.0749;airplane:0.0741
8247,frog,frog,0.6713907122612,True,frog:0.6714;bird:0.0760;dog:0.0649
4833,bird,bird,0.9538793563842773,True,bird:0.9539;airplane:0.0099;frog:0.0090
